source,target,weight,text_unit_ids
AIR BEARS,ART,0.0003575820431395455,[0]
AIR BEARS,BODY LEAVENS,0.0003575820431395455,[0]
AIR BEARS,CALLS FIRE,0.0003575820431395455,[0]
AIR BEARS,CHOICEST INFLUENCES,0.0003575820431395455,[0]
AIR BEARS,COMMON MATERIAL,0.0003575820431395455,[0]
AIR BEARS,COMMON SUBSTANCE,0.0003575820431395455,[0]
AIR BEARS,DESCENDS DOWNWARD,0.0003575820431395455,[0]
AIR BEARS,DIFFERENT COLOUR,0.0003575820431395455,[0]
AIR BEARS,EARTH SEPARATES,0.0003575820431395455,[0]
AIR BEARS,ELEMENTARY MATERIAL,0.0003575820431395455,[0]
AIR BEARS,FALSE INTERPRETATION,0.0003575820431395455,[0]
AIR BEARS,FASHION TRANSMUTES,0.0003575820431395455,[0]
AIR BEARS,FATHER,0.0003575820431395455,[0]
AIR BEARS,FIRM BODIES,0.0003575820431395455,[0]
AIR BEARS,FLIGHT POVERTY,0.0003575820431395455,[0]
AIR BEARS,FOETUS DAY,0.0003575820431395455,[0]
AIR BEARS,FULL STRENGTH,0.0003575820431395455,[0]
AIR BEARS,GENTLE COCTION,0.0003575820431395455,[0]
AIR BEARS,GENTLE HEAT,0.0003575820431395455,[0]
AIR BEARS,GOD,0.0003575820431395455,[0]
AIR BEARS,GOOD UNDERSTANDING,0.0003575820431395455,[0]
AIR BEARS,GREAT ARTIFICE,0.0003575820431395455,[0]
AIR BEARS,HEN HATCHES,0.0003575820431395455,[0]
AIR BEARS,HENCE,0.0003575820431395455,[0]
AIR BEARS,HENCE HERMES,0.0003575820431395455,[0]
AIR BEARS,HERMES,0.0003575820431395455,[0]
AIR BEARS,HERMES TRISMEGISTUS,0.0003575820431395455,[0]
AIR BEARS,HID FIRE,0.0003575820431395455,[0]
AIR BEARS,HUMAN BODY,0.0003575820431395455,[0]
AIR BEARS,IGNORANT READER,0.0003575820431395455,[0]
AIR BEARS,IMPARTS FOOD,0.0003575820431395455,[0]
AIR BEARS,INTERNAL ACTION,0.0003575820431395455,[0]
AIR BEARS,ITSELF,0.0003575820431395455,[0]
AIR BEARS,MATERNAL WOMB,0.0003575820431395455,[0]
AIR BEARS,MATTER,0.0003575820431395455,[0]
AIR BEARS,MERCURY,0.0003575820431395455,[0]
AIR BEARS,MOON,0.0003575820431395455,[0]
AIR BEARS,MYSTIC LANGUAGE,0.0003575820431395455,[0]
AIR BEARS,NATURAL HEAT,0.0003575820431395455,[0]
AIR BEARS,NATURE,0.0003575820431395455,[0]
AIR BEARS,NEW BODY,0.0003575820431395455,[0]
AIR BEARS,NEW FOETUS,0.0003575820431395455,[0]
AIR BEARS,NUTRITIVE PRINCIPLE,0.0003575820431395455,[0]
AIR BEARS,OWN FOOLISH NOTIONS,0.0003575820431395455,[0]
AIR BEARS,OWN IGNORANCE,0.0003575820431395455,[0]
AIR BEARS,OWN SUBSTANCE,0.0003575820431395455,[0]
AIR BEARS,OWN VIRTUE,0.0003575820431395455,[0]
AIR BEARS,PHILOSOPHERS,0.0003575820431395455,[0]
AIR BEARS,PRECIOUS COMFORT,0.0003575820431395455,[0]
AIR BEARS,PRECIOUS STONES,0.0003575820431395455,[0]
AIR BEARS,PROUD TITLE,0.0003575820431395455,[0]
AIR BEARS,SAGE,0.0003575820431395455,[0]
AIR BEARS,SAGES,0.0003575820431395455,[0]
AIR BEARS,SMALL WORLD,0.0003575820431395455,[0]
AIR BEARS,SOLID BODIES,0.0003575820431395455,[0]
AIR BEARS,SPECIFIC FORM,0.0003575820431395455,[0]
AIR BEARS,SPIRIT LEAVENS,0.0003575820431395455,[0]
AIR BEARS,SPIRITS BODIES,0.0003575820431395455,[0]
AIR BEARS,STONE,0.0003575820431395455,[0]
AIR BEARS,SUBTLE MERCURY,0.0003575820431395455,[0]
AIR BEARS,SUCH VIRTUE,0.0003575820431395455,[0]
AIR BEARS,SUN,0.0003575820431395455,[0]
AIR BEARS,SUN MOON,0.0003575820431395455,[0]
AIR BEARS,TEMPERATE BATH,0.0003575820431395455,[0]
AIR BEARS,TRANSMUTE MERCURY,0.0003575820431395455,[0]
AIR BEARS,TYPICAL FORM,0.0003575820431395455,[0]
AIR BEARS,VOLATILE SUBSTANCE RISES,0.0003575820431395455,[0]
AIR BEARS,VOLATILE WATER,0.0003575820431395455,[0]
AIR BEARS,WATER ASCEND,0.0003575820431395455,[0]
AIR BEARS,WHOLE BODY,0.0003575820431395455,[0]
AIR BEARS,WHOLE EARTH,0.0003575820431395455,[0]
AIR BEARS,WHOLE LUMP,0.0003575820431395455,[0]
AIR BEARS,WHOLE POTENCY THEREOF,0.0003575820431395455,[0]
AIR BEARS,WHOLE WORLD,0.0003575820431395455,[0]
AIR BEARS,WIND BEARS,0.0003575820431395455,[0]
ART,BODY LEAVENS,0.0003575820431395455,[0]
ART,CALLS FIRE,0.0003575820431395455,[0]
ART,CHOICEST INFLUENCES,0.0003575820431395455,[0]
ART,COMMON MATERIAL,0.0003575820431395455,[0]
ART,COMMON SUBSTANCE,0.0003575820431395455,[0]
ART,DESCENDS DOWNWARD,0.0003575820431395455,[0]
ART,DIFFERENT COLOUR,0.0003575820431395455,[0]
ART,EARTH SEPARATES,0.0003575820431395455,[0]
ART,ELEMENTARY MATERIAL,0.0003575820431395455,[0]
ART,FALSE INTERPRETATION,0.0003575820431395455,[0]
ART,FASHION TRANSMUTES,0.0003575820431395455,[0]
ART,FATHER,0.0003575820431395455,[0]
ART,FIRM BODIES,0.0003575820431395455,[0]
ART,FLIGHT POVERTY,0.0003575820431395455,[0]
ART,FOETUS DAY,0.0003575820431395455,[0]
ART,FULL STRENGTH,0.0003575820431395455,[0]
ART,GENTLE COCTION,0.0003575820431395455,[0]
ART,GENTLE HEAT,0.0003575820431395455,[0]
ART,GOD,0.0003575820431395455,[0]
ART,GOOD UNDERSTANDING,0.0003575820431395455,[0]
ART,GREAT ARTIFICE,0.0003575820431395455,[0]
ART,HEN HATCHES,0.0003575820431395455,[0]
ART,HENCE,0.0003575820431395455,[0]
ART,HENCE HERMES,0.0003575820431395455,[0]
ART,HERMES,0.0003575820431395455,[0]
ART,HERMES TRISMEGISTUS,0.0003575820431395455,[0]
ART,HID FIRE,0.0003575820431395455,[0]
ART,HUMAN BODY,0.0003575820431395455,[0]
ART,IGNORANT READER,0.0003575820431395455,[0]
ART,IMPARTS FOOD,0.0003575820431395455,[0]
ART,INTERNAL ACTION,0.0003575820431395455,[0]
ART,ITSELF,0.0003575820431395455,[0]
ART,MATERNAL WOMB,0.0003575820431395455,[0]
ART,MATTER,0.0003575820431395455,[0]
ART,MERCURY,0.0003575820431395455,[0]
ART,MOON,0.0003575820431395455,[0]
ART,MYSTIC LANGUAGE,0.0003575820431395455,[0]
ART,NATURAL HEAT,0.0003575820431395455,[0]
ART,NATURE,0.0003575820431395455,[0]
ART,NEW BODY,0.0003575820431395455,[0]
ART,NEW FOETUS,0.0003575820431395455,[0]
ART,NUTRITIVE PRINCIPLE,0.0003575820431395455,[0]
ART,OWN FOOLISH NOTIONS,0.0003575820431395455,[0]
ART,OWN IGNORANCE,0.0003575820431395455,[0]
ART,OWN SUBSTANCE,0.0003575820431395455,[0]
ART,OWN VIRTUE,0.0003575820431395455,[0]
ART,PHILOSOPHERS,0.0003575820431395455,[0]
ART,PRECIOUS COMFORT,0.0003575820431395455,[0]
ART,PRECIOUS STONES,0.0003575820431395455,[0]
ART,PROUD TITLE,0.0003575820431395455,[0]
ART,SAGE,0.0003575820431395455,[0]
ART,SAGES,0.0003575820431395455,[0]
ART,SMALL WORLD,0.0003575820431395455,[0]
ART,SOLID BODIES,0.0003575820431395455,[0]
ART,SPECIFIC FORM,0.0003575820431395455,[0]
ART,SPIRIT LEAVENS,0.0003575820431395455,[0]
ART,SPIRITS BODIES,0.0003575820431395455,[0]
ART,STONE,0.0003575820431395455,[0]
ART,SUBTLE MERCURY,0.0003575820431395455,[0]
ART,SUCH VIRTUE,0.0003575820431395455,[0]
ART,SUN,0.0003575820431395455,[0]
ART,SUN MOON,0.0003575820431395455,[0]
ART,TEMPERATE BATH,0.0003575820431395455,[0]
ART,TRANSMUTE MERCURY,0.0003575820431395455,[0]
ART,TYPICAL FORM,0.0003575820431395455,[0]
ART,VOLATILE SUBSTANCE RISES,0.0003575820431395455,[0]
ART,VOLATILE WATER,0.0003575820431395455,[0]
ART,WATER ASCEND,0.0003575820431395455,[0]
ART,WHOLE BODY,0.0003575820431395455,[0]
ART,WHOLE EARTH,0.0003575820431395455,[0]
ART,WHOLE LUMP,0.0003575820431395455,[0]
ART,WHOLE POTENCY THEREOF,0.0003575820431395455,[0]
ART,WHOLE WORLD,0.0003575820431395455,[0]
ART,WIND BEARS,0.0003575820431395455,[0]
BODY LEAVENS,CALLS FIRE,0.0003575820431395455,[0]
BODY LEAVENS,CHOICEST INFLUENCES,0.0003575820431395455,[0]
BODY LEAVENS,COMMON MATERIAL,0.0003575820431395455,[0]
BODY LEAVENS,COMMON SUBSTANCE,0.0003575820431395455,[0]
BODY LEAVENS,DESCENDS DOWNWARD,0.0003575820431395455,[0]
BODY LEAVENS,DIFFERENT COLOUR,0.0003575820431395455,[0]
BODY LEAVENS,EARTH SEPARATES,0.0003575820431395455,[0]
BODY LEAVENS,ELEMENTARY MATERIAL,0.0003575820431395455,[0]
BODY LEAVENS,FALSE INTERPRETATION,0.0003575820431395455,[0]
BODY LEAVENS,FASHION TRANSMUTES,0.0003575820431395455,[0]
BODY LEAVENS,FATHER,0.0003575820431395455,[0]
BODY LEAVENS,FIRM BODIES,0.0003575820431395455,[0]
BODY LEAVENS,FLIGHT POVERTY,0.0003575820431395455,[0]
BODY LEAVENS,FOETUS DAY,0.0003575820431395455,[0]
BODY LEAVENS,FULL STRENGTH,0.0003575820431395455,[0]
BODY LEAVENS,GENTLE COCTION,0.0003575820431395455,[0]
BODY LEAVENS,GENTLE HEAT,0.0003575820431395455,[0]
BODY LEAVENS,GOD,0.0003575820431395455,[0]
BODY LEAVENS,GOOD UNDERSTANDING,0.0003575820431395455,[0]
BODY LEAVENS,GREAT ARTIFICE,0.0003575820431395455,[0]
BODY LEAVENS,HEN HATCHES,0.0003575820431395455,[0]
BODY LEAVENS,HENCE,0.0003575820431395455,[0]
BODY LEAVENS,HENCE HERMES,0.0003575820431395455,[0]
BODY LEAVENS,HERMES,0.0003575820431395455,[0]
BODY LEAVENS,HERMES TRISMEGISTUS,0.0003575820431395455,[0]
BODY LEAVENS,HID FIRE,0.0003575820431395455,[0]
BODY LEAVENS,HUMAN BODY,0.0003575820431395455,[0]
BODY LEAVENS,IGNORANT READER,0.0003575820431395455,[0]
BODY LEAVENS,IMPARTS FOOD,0.0003575820431395455,[0]
BODY LEAVENS,INTERNAL ACTION,0.0003575820431395455,[0]
BODY LEAVENS,ITSELF,0.0003575820431395455,[0]
BODY LEAVENS,MATERNAL WOMB,0.0003575820431395455,[0]
BODY LEAVENS,MATTER,0.0003575820431395455,[0]
BODY LEAVENS,MERCURY,0.0003575820431395455,[0]
BODY LEAVENS,MOON,0.0003575820431395455,[0]
BODY LEAVENS,MYSTIC LANGUAGE,0.0003575820431395455,[0]
BODY LEAVENS,NATURAL HEAT,0.0003575820431395455,[0]
BODY LEAVENS,NATURE,0.0003575820431395455,[0]
BODY LEAVENS,NEW BODY,0.0003575820431395455,[0]
BODY LEAVENS,NEW FOETUS,0.0003575820431395455,[0]
BODY LEAVENS,NUTRITIVE PRINCIPLE,0.0003575820431395455,[0]
BODY LEAVENS,OWN FOOLISH NOTIONS,0.0003575820431395455,[0]
BODY LEAVENS,OWN IGNORANCE,0.0003575820431395455,[0]
BODY LEAVENS,OWN SUBSTANCE,0.0003575820431395455,[0]
BODY LEAVENS,OWN VIRTUE,0.0003575820431395455,[0]
BODY LEAVENS,PHILOSOPHERS,0.0003575820431395455,[0]
BODY LEAVENS,PRECIOUS COMFORT,0.0003575820431395455,[0]
BODY LEAVENS,PRECIOUS STONES,0.0003575820431395455,[0]
BODY LEAVENS,PROUD TITLE,0.0003575820431395455,[0]
BODY LEAVENS,SAGE,0.0003575820431395455,[0]
BODY LEAVENS,SAGES,0.0003575820431395455,[0]
BODY LEAVENS,SMALL WORLD,0.0003575820431395455,[0]
BODY LEAVENS,SOLID BODIES,0.0003575820431395455,[0]
BODY LEAVENS,SPECIFIC FORM,0.0003575820431395455,[0]
BODY LEAVENS,SPIRIT LEAVENS,0.0003575820431395455,[0]
BODY LEAVENS,SPIRITS BODIES,0.0003575820431395455,[0]
BODY LEAVENS,STONE,0.0003575820431395455,[0]
BODY LEAVENS,SUBTLE MERCURY,0.0003575820431395455,[0]
BODY LEAVENS,SUCH VIRTUE,0.0003575820431395455,[0]
BODY LEAVENS,SUN,0.0003575820431395455,[0]
BODY LEAVENS,SUN MOON,0.0003575820431395455,[0]
BODY LEAVENS,TEMPERATE BATH,0.0003575820431395455,[0]
BODY LEAVENS,TRANSMUTE MERCURY,0.0003575820431395455,[0]
BODY LEAVENS,TYPICAL FORM,0.0003575820431395455,[0]
BODY LEAVENS,VOLATILE SUBSTANCE RISES,0.0003575820431395455,[0]
BODY LEAVENS,VOLATILE WATER,0.0003575820431395455,[0]
BODY LEAVENS,WATER ASCEND,0.0003575820431395455,[0]
BODY LEAVENS,WHOLE BODY,0.0003575820431395455,[0]
BODY LEAVENS,WHOLE EARTH,0.0003575820431395455,[0]
BODY LEAVENS,WHOLE LUMP,0.0003575820431395455,[0]
BODY LEAVENS,WHOLE POTENCY THEREOF,0.0003575820431395455,[0]
BODY LEAVENS,WHOLE WORLD,0.0003575820431395455,[0]
BODY LEAVENS,WIND BEARS,0.0003575820431395455,[0]
CALLS FIRE,CHOICEST INFLUENCES,0.0003575820431395455,[0]
CALLS FIRE,COMMON MATERIAL,0.0003575820431395455,[0]
CALLS FIRE,COMMON SUBSTANCE,0.0003575820431395455,[0]
CALLS FIRE,DESCENDS DOWNWARD,0.0003575820431395455,[0]
CALLS FIRE,DIFFERENT COLOUR,0.0003575820431395455,[0]
CALLS FIRE,EARTH SEPARATES,0.0003575820431395455,[0]
CALLS FIRE,ELEMENTARY MATERIAL,0.0003575820431395455,[0]
CALLS FIRE,FALSE INTERPRETATION,0.0003575820431395455,[0]
CALLS FIRE,FASHION TRANSMUTES,0.0003575820431395455,[0]
CALLS FIRE,FATHER,0.0003575820431395455,[0]
CALLS FIRE,FIRM BODIES,0.0003575820431395455,[0]
CALLS FIRE,FLIGHT POVERTY,0.0003575820431395455,[0]
CALLS FIRE,FOETUS DAY,0.0003575820431395455,[0]
CALLS FIRE,FULL STRENGTH,0.0003575820431395455,[0]
CALLS FIRE,GENTLE COCTION,0.0003575820431395455,[0]
CALLS FIRE,GENTLE HEAT,0.0003575820431395455,[0]
CALLS FIRE,GOD,0.0003575820431395455,[0]
CALLS FIRE,GOOD UNDERSTANDING,0.0003575820431395455,[0]
CALLS FIRE,GREAT ARTIFICE,0.0003575820431395455,[0]
CALLS FIRE,HEN HATCHES,0.0003575820431395455,[0]
CALLS FIRE,HENCE,0.0003575820431395455,[0]
CALLS FIRE,HENCE HERMES,0.0003575820431395455,[0]
CALLS FIRE,HERMES,0.0003575820431395455,[0]
CALLS FIRE,HERMES TRISMEGISTUS,0.0003575820431395455,[0]
CALLS FIRE,HID FIRE,0.0003575820431395455,[0]
CALLS FIRE,HUMAN BODY,0.0003575820431395455,[0]
CALLS FIRE,IGNORANT READER,0.0003575820431395455,[0]
CALLS FIRE,IMPARTS FOOD,0.0003575820431395455,[0]
CALLS FIRE,INTERNAL ACTION,0.0003575820431395455,[0]
CALLS FIRE,ITSELF,0.0003575820431395455,[0]
CALLS FIRE,MATERNAL WOMB,0.0003575820431395455,[0]
CALLS FIRE,MATTER,0.0003575820431395455,[0]
CALLS FIRE,MERCURY,0.0003575820431395455,[0]
CALLS FIRE,MOON,0.0003575820431395455,[0]
CALLS FIRE,MYSTIC LANGUAGE,0.0003575820431395455,[0]
CALLS FIRE,NATURAL HEAT,0.0003575820431395455,[0]
CALLS FIRE,NATURE,0.0003575820431395455,[0]
CALLS FIRE,NEW BODY,0.0003575820431395455,[0]
CALLS FIRE,NEW FOETUS,0.0003575820431395455,[0]
CALLS FIRE,NUTRITIVE PRINCIPLE,0.0003575820431395455,[0]
CALLS FIRE,OWN FOOLISH NOTIONS,0.0003575820431395455,[0]
CALLS FIRE,OWN IGNORANCE,0.0003575820431395455,[0]
CALLS FIRE,OWN SUBSTANCE,0.0003575820431395455,[0]
CALLS FIRE,OWN VIRTUE,0.0003575820431395455,[0]
CALLS FIRE,PHILOSOPHERS,0.0003575820431395455,[0]
CALLS FIRE,PRECIOUS COMFORT,0.0003575820431395455,[0]
CALLS FIRE,PRECIOUS STONES,0.0003575820431395455,[0]
CALLS FIRE,PROUD TITLE,0.0003575820431395455,[0]
CALLS FIRE,SAGE,0.0003575820431395455,[0]
CALLS FIRE,SAGES,0.0003575820431395455,[0]
CALLS FIRE,SMALL WORLD,0.0003575820431395455,[0]
CALLS FIRE,SOLID BODIES,0.0003575820431395455,[0]
CALLS FIRE,SPECIFIC FORM,0.0003575820431395455,[0]
CALLS FIRE,SPIRIT LEAVENS,0.0003575820431395455,[0]
CALLS FIRE,SPIRITS BODIES,0.0003575820431395455,[0]
CALLS FIRE,STONE,0.0003575820431395455,[0]
CALLS FIRE,SUBTLE MERCURY,0.0003575820431395455,[0]
CALLS FIRE,SUCH VIRTUE,0.0003575820431395455,[0]
CALLS FIRE,SUN,0.0003575820431395455,[0]
CALLS FIRE,SUN MOON,0.0003575820431395455,[0]
CALLS FIRE,TEMPERATE BATH,0.0003575820431395455,[0]
CALLS FIRE,TRANSMUTE MERCURY,0.0003575820431395455,[0]
CALLS FIRE,TYPICAL FORM,0.0003575820431395455,[0]
CALLS FIRE,VOLATILE SUBSTANCE RISES,0.0003575820431395455,[0]
CALLS FIRE,VOLATILE WATER,0.0003575820431395455,[0]
CALLS FIRE,WATER ASCEND,0.0003575820431395455,[0]
CALLS FIRE,WHOLE BODY,0.0003575820431395455,[0]
CALLS FIRE,WHOLE EARTH,0.0003575820431395455,[0]
CALLS FIRE,WHOLE LUMP,0.0003575820431395455,[0]
CALLS FIRE,WHOLE POTENCY THEREOF,0.0003575820431395455,[0]
CALLS FIRE,WHOLE WORLD,0.0003575820431395455,[0]
CALLS FIRE,WIND BEARS,0.0003575820431395455,[0]
CHOICEST INFLUENCES,COMMON MATERIAL,0.0003575820431395455,[0]
CHOICEST INFLUENCES,COMMON SUBSTANCE,0.0003575820431395455,[0]
CHOICEST INFLUENCES,DESCENDS DOWNWARD,0.0003575820431395455,[0]
CHOICEST INFLUENCES,DIFFERENT COLOUR,0.0003575820431395455,[0]
CHOICEST INFLUENCES,EARTH SEPARATES,0.0003575820431395455,[0]
CHOICEST INFLUENCES,ELEMENTARY MATERIAL,0.0003575820431395455,[0]
CHOICEST INFLUENCES,FALSE INTERPRETATION,0.0003575820431395455,[0]
CHOICEST INFLUENCES,FASHION TRANSMUTES,0.0003575820431395455,[0]
CHOICEST INFLUENCES,FATHER,0.0003575820431395455,[0]
CHOICEST INFLUENCES,FIRM BODIES,0.0003575820431395455,[0]
CHOICEST INFLUENCES,FLIGHT POVERTY,0.0003575820431395455,[0]
CHOICEST INFLUENCES,FOETUS DAY,0.0003575820431395455,[0]
CHOICEST INFLUENCES,FULL STRENGTH,0.0003575820431395455,[0]
CHOICEST INFLUENCES,GENTLE COCTION,0.0003575820431395455,[0]
CHOICEST INFLUENCES,GENTLE HEAT,0.0003575820431395455,[0]
CHOICEST INFLUENCES,GOD,0.0003575820431395455,[0]
CHOICEST INFLUENCES,GOOD UNDERSTANDING,0.0003575820431395455,[0]
CHOICEST INFLUENCES,GREAT ARTIFICE,0.0003575820431395455,[0]
CHOICEST INFLUENCES,HEN HATCHES,0.0003575820431395455,[0]
CHOICEST INFLUENCES,HENCE,0.0003575820431395455,[0]
CHOICEST INFLUENCES,HENCE HERMES,0.0003575820431395455,[0]
CHOICEST INFLUENCES,HERMES,0.0003575820431395455,[0]
CHOICEST INFLUENCES,HERMES TRISMEGISTUS,0.0003575820431395455,[0]
CHOICEST INFLUENCES,HID FIRE,0.0003575820431395455,[0]
CHOICEST INFLUENCES,HUMAN BODY,0.0003575820431395455,[0]
CHOICEST INFLUENCES,IGNORANT READER,0.0003575820431395455,[0]
CHOICEST INFLUENCES,IMPARTS FOOD,0.0003575820431395455,[0]
CHOICEST INFLUENCES,INTERNAL ACTION,0.0003575820431395455,[0]
CHOICEST INFLUENCES,ITSELF,0.0003575820431395455,[0]
CHOICEST INFLUENCES,MATERNAL WOMB,0.0003575820431395455,[0]
CHOICEST INFLUENCES,MATTER,0.0003575820431395455,[0]
CHOICEST INFLUENCES,MERCURY,0.0003575820431395455,[0]
CHOICEST INFLUENCES,MOON,0.0003575820431395455,[0]
CHOICEST INFLUENCES,MYSTIC LANGUAGE,0.0003575820431395455,[0]
CHOICEST INFLUENCES,NATURAL HEAT,0.0003575820431395455,[0]
CHOICEST INFLUENCES,NATURE,0.0003575820431395455,[0]
CHOICEST INFLUENCES,NEW BODY,0.0003575820431395455,[0]
CHOICEST INFLUENCES,NEW FOETUS,0.0003575820431395455,[0]
CHOICEST INFLUENCES,NUTRITIVE PRINCIPLE,0.0003575820431395455,[0]
CHOICEST INFLUENCES,OWN FOOLISH NOTIONS,0.0003575820431395455,[0]
CHOICEST INFLUENCES,OWN IGNORANCE,0.0003575820431395455,[0]
CHOICEST INFLUENCES,OWN SUBSTANCE,0.0003575820431395455,[0]
CHOICEST INFLUENCES,OWN VIRTUE,0.0003575820431395455,[0]
CHOICEST INFLUENCES,PHILOSOPHERS,0.0003575820431395455,[0]
CHOICEST INFLUENCES,PRECIOUS COMFORT,0.0003575820431395455,[0]
CHOICEST INFLUENCES,PRECIOUS STONES,0.0003575820431395455,[0]
CHOICEST INFLUENCES,PROUD TITLE,0.0003575820431395455,[0]
CHOICEST INFLUENCES,SAGE,0.0003575820431395455,[0]
CHOICEST INFLUENCES,SAGES,0.0003575820431395455,[0]
CHOICEST INFLUENCES,SMALL WORLD,0.0003575820431395455,[0]
CHOICEST INFLUENCES,SOLID BODIES,0.0003575820431395455,[0]
CHOICEST INFLUENCES,SPECIFIC FORM,0.0003575820431395455,[0]
CHOICEST INFLUENCES,SPIRIT LEAVENS,0.0003575820431395455,[0]
CHOICEST INFLUENCES,SPIRITS BODIES,0.0003575820431395455,[0]
CHOICEST INFLUENCES,STONE,0.0003575820431395455,[0]
CHOICEST INFLUENCES,SUBTLE MERCURY,0.0003575820431395455,[0]
CHOICEST INFLUENCES,SUCH VIRTUE,0.0003575820431395455,[0]
CHOICEST INFLUENCES,SUN,0.0003575820431395455,[0]
CHOICEST INFLUENCES,SUN MOON,0.0003575820431395455,[0]
CHOICEST INFLUENCES,TEMPERATE BATH,0.0003575820431395455,[0]
CHOICEST INFLUENCES,TRANSMUTE MERCURY,0.0003575820431395455,[0]
CHOICEST INFLUENCES,TYPICAL FORM,0.0003575820431395455,[0]
CHOICEST INFLUENCES,VOLATILE SUBSTANCE RISES,0.0003575820431395455,[0]
CHOICEST INFLUENCES,VOLATILE WATER,0.0003575820431395455,[0]
CHOICEST INFLUENCES,WATER ASCEND,0.0003575820431395455,[0]
CHOICEST INFLUENCES,WHOLE BODY,0.0003575820431395455,[0]
CHOICEST INFLUENCES,WHOLE EARTH,0.0003575820431395455,[0]
CHOICEST INFLUENCES,WHOLE LUMP,0.0003575820431395455,[0]
CHOICEST INFLUENCES,WHOLE POTENCY THEREOF,0.0003575820431395455,[0]
CHOICEST INFLUENCES,WHOLE WORLD,0.0003575820431395455,[0]
CHOICEST INFLUENCES,WIND BEARS,0.0003575820431395455,[0]
COMMON MATERIAL,COMMON SUBSTANCE,0.0003575820431395455,[0]
COMMON MATERIAL,DESCENDS DOWNWARD,0.0003575820431395455,[0]
COMMON MATERIAL,DIFFERENT COLOUR,0.0003575820431395455,[0]
COMMON MATERIAL,EARTH SEPARATES,0.0003575820431395455,[0]
COMMON MATERIAL,ELEMENTARY MATERIAL,0.0003575820431395455,[0]
COMMON MATERIAL,FALSE INTERPRETATION,0.0003575820431395455,[0]
COMMON MATERIAL,FASHION TRANSMUTES,0.0003575820431395455,[0]
COMMON MATERIAL,FATHER,0.0003575820431395455,[0]
COMMON MATERIAL,FIRM BODIES,0.0003575820431395455,[0]
COMMON MATERIAL,FLIGHT POVERTY,0.0003575820431395455,[0]
COMMON MATERIAL,FOETUS DAY,0.0003575820431395455,[0]
COMMON MATERIAL,FULL STRENGTH,0.0003575820431395455,[0]
COMMON MATERIAL,GENTLE COCTION,0.0003575820431395455,[0]
COMMON MATERIAL,GENTLE HEAT,0.0003575820431395455,[0]
COMMON MATERIAL,GOD,0.0003575820431395455,[0]
COMMON MATERIAL,GOOD UNDERSTANDING,0.0003575820431395455,[0]
COMMON MATERIAL,GREAT ARTIFICE,0.0003575820431395455,[0]
COMMON MATERIAL,HEN HATCHES,0.0003575820431395455,[0]
COMMON MATERIAL,HENCE,0.0003575820431395455,[0]
COMMON MATERIAL,HENCE HERMES,0.0003575820431395455,[0]
COMMON MATERIAL,HERMES,0.0003575820431395455,[0]
COMMON MATERIAL,HERMES TRISMEGISTUS,0.0003575820431395455,[0]
COMMON MATERIAL,HID FIRE,0.0003575820431395455,[0]
COMMON MATERIAL,HUMAN BODY,0.0003575820431395455,[0]
COMMON MATERIAL,IGNORANT READER,0.0003575820431395455,[0]
COMMON MATERIAL,IMPARTS FOOD,0.0003575820431395455,[0]
COMMON MATERIAL,INTERNAL ACTION,0.0003575820431395455,[0]
COMMON MATERIAL,ITSELF,0.0003575820431395455,[0]
COMMON MATERIAL,MATERNAL WOMB,0.0003575820431395455,[0]
COMMON MATERIAL,MATTER,0.0003575820431395455,[0]
COMMON MATERIAL,MERCURY,0.0003575820431395455,[0]
COMMON MATERIAL,MOON,0.0003575820431395455,[0]
COMMON MATERIAL,MYSTIC LANGUAGE,0.0003575820431395455,[0]
COMMON MATERIAL,NATURAL HEAT,0.0003575820431395455,[0]
COMMON MATERIAL,NATURE,0.0003575820431395455,[0]
COMMON MATERIAL,NEW BODY,0.0003575820431395455,[0]
COMMON MATERIAL,NEW FOETUS,0.0003575820431395455,[0]
COMMON MATERIAL,NUTRITIVE PRINCIPLE,0.0003575820431395455,[0]
COMMON MATERIAL,OWN FOOLISH NOTIONS,0.0003575820431395455,[0]
COMMON MATERIAL,OWN IGNORANCE,0.0003575820431395455,[0]
COMMON MATERIAL,OWN SUBSTANCE,0.0003575820431395455,[0]
COMMON MATERIAL,OWN VIRTUE,0.0003575820431395455,[0]
COMMON MATERIAL,PHILOSOPHERS,0.0003575820431395455,[0]
COMMON MATERIAL,PRECIOUS COMFORT,0.0003575820431395455,[0]
COMMON MATERIAL,PRECIOUS STONES,0.0003575820431395455,[0]
COMMON MATERIAL,PROUD TITLE,0.0003575820431395455,[0]
COMMON MATERIAL,SAGE,0.0003575820431395455,[0]
COMMON MATERIAL,SAGES,0.0003575820431395455,[0]
COMMON MATERIAL,SMALL WORLD,0.0003575820431395455,[0]
COMMON MATERIAL,SOLID BODIES,0.0003575820431395455,[0]
COMMON MATERIAL,SPECIFIC FORM,0.0003575820431395455,[0]
COMMON MATERIAL,SPIRIT LEAVENS,0.0003575820431395455,[0]
COMMON MATERIAL,SPIRITS BODIES,0.0003575820431395455,[0]
COMMON MATERIAL,STONE,0.0003575820431395455,[0]
COMMON MATERIAL,SUBTLE MERCURY,0.0003575820431395455,[0]
COMMON MATERIAL,SUCH VIRTUE,0.0003575820431395455,[0]
COMMON MATERIAL,SUN,0.0003575820431395455,[0]
COMMON MATERIAL,SUN MOON,0.0003575820431395455,[0]
COMMON MATERIAL,TEMPERATE BATH,0.0003575820431395455,[0]
COMMON MATERIAL,TRANSMUTE MERCURY,0.0003575820431395455,[0]
COMMON MATERIAL,TYPICAL FORM,0.0003575820431395455,[0]
COMMON MATERIAL,VOLATILE SUBSTANCE RISES,0.0003575820431395455,[0]
COMMON MATERIAL,VOLATILE WATER,0.0003575820431395455,[0]
COMMON MATERIAL,WATER ASCEND,0.0003575820431395455,[0]
COMMON MATERIAL,WHOLE BODY,0.0003575820431395455,[0]
COMMON MATERIAL,WHOLE EARTH,0.0003575820431395455,[0]
COMMON MATERIAL,WHOLE LUMP,0.0003575820431395455,[0]
COMMON MATERIAL,WHOLE POTENCY THEREOF,0.0003575820431395455,[0]
COMMON MATERIAL,WHOLE WORLD,0.0003575820431395455,[0]
COMMON MATERIAL,WIND BEARS,0.0003575820431395455,[0]
COMMON SUBSTANCE,DESCENDS DOWNWARD,0.0003575820431395455,[0]
COMMON SUBSTANCE,DIFFERENT COLOUR,0.0003575820431395455,[0]
COMMON SUBSTANCE,EARTH SEPARATES,0.0003575820431395455,[0]
COMMON SUBSTANCE,ELEMENTARY MATERIAL,0.0003575820431395455,[0]
COMMON SUBSTANCE,FALSE INTERPRETATION,0.0003575820431395455,[0]
COMMON SUBSTANCE,FASHION TRANSMUTES,0.0003575820431395455,[0]
COMMON SUBSTANCE,FATHER,0.0003575820431395455,[0]
COMMON SUBSTANCE,FIRM BODIES,0.0003575820431395455,[0]
COMMON SUBSTANCE,FLIGHT POVERTY,0.0003575820431395455,[0]
COMMON SUBSTANCE,FOETUS DAY,0.0003575820431395455,[0]
COMMON SUBSTANCE,FULL STRENGTH,0.0003575820431395455,[0]
COMMON SUBSTANCE,GENTLE COCTION,0.0003575820431395455,[0]
COMMON SUBSTANCE,GENTLE HEAT,0.0003575820431395455,[0]
COMMON SUBSTANCE,GOD,0.0003575820431395455,[0]
COMMON SUBSTANCE,GOOD UNDERSTANDING,0.0003575820431395455,[0]
COMMON SUBSTANCE,GREAT ARTIFICE,0.0003575820431395455,[0]
COMMON SUBSTANCE,HEN HATCHES,0.0003575820431395455,[0]
COMMON SUBSTANCE,HENCE,0.0003575820431395455,[0]
COMMON SUBSTANCE,HENCE HERMES,0.0003575820431395455,[0]
COMMON SUBSTANCE,HERMES,0.0003575820431395455,[0]
COMMON SUBSTANCE,HERMES TRISMEGISTUS,0.0003575820431395455,[0]
COMMON SUBSTANCE,HID FIRE,0.0003575820431395455,[0]
COMMON SUBSTANCE,HUMAN BODY,0.0003575820431395455,[0]
COMMON SUBSTANCE,IGNORANT READER,0.0003575820431395455,[0]
COMMON SUBSTANCE,IMPARTS FOOD,0.0003575820431395455,[0]
COMMON SUBSTANCE,INTERNAL ACTION,0.0003575820431395455,[0]
COMMON SUBSTANCE,ITSELF,0.0003575820431395455,[0]
COMMON SUBSTANCE,MATERNAL WOMB,0.0003575820431395455,[0]
COMMON SUBSTANCE,MATTER,0.0003575820431395455,[0]
COMMON SUBSTANCE,MERCURY,0.0003575820431395455,[0]
COMMON SUBSTANCE,MOON,0.0003575820431395455,[0]
COMMON SUBSTANCE,MYSTIC LANGUAGE,0.0003575820431395455,[0]
COMMON SUBSTANCE,NATURAL HEAT,0.0003575820431395455,[0]
COMMON SUBSTANCE,NATURE,0.0003575820431395455,[0]
COMMON SUBSTANCE,NEW BODY,0.0003575820431395455,[0]
COMMON SUBSTANCE,NEW FOETUS,0.0003575820431395455,[0]
COMMON SUBSTANCE,NUTRITIVE PRINCIPLE,0.0003575820431395455,[0]
COMMON SUBSTANCE,OWN FOOLISH NOTIONS,0.0003575820431395455,[0]
COMMON SUBSTANCE,OWN IGNORANCE,0.0003575820431395455,[0]
COMMON SUBSTANCE,OWN SUBSTANCE,0.0003575820431395455,[0]
COMMON SUBSTANCE,OWN VIRTUE,0.0003575820431395455,[0]
COMMON SUBSTANCE,PHILOSOPHERS,0.0003575820431395455,[0]
COMMON SUBSTANCE,PRECIOUS COMFORT,0.0003575820431395455,[0]
COMMON SUBSTANCE,PRECIOUS STONES,0.0003575820431395455,[0]
COMMON SUBSTANCE,PROUD TITLE,0.0003575820431395455,[0]
COMMON SUBSTANCE,SAGE,0.0003575820431395455,[0]
COMMON SUBSTANCE,SAGES,0.0003575820431395455,[0]
COMMON SUBSTANCE,SMALL WORLD,0.0003575820431395455,[0]
COMMON SUBSTANCE,SOLID BODIES,0.0003575820431395455,[0]
COMMON SUBSTANCE,SPECIFIC FORM,0.0003575820431395455,[0]
COMMON SUBSTANCE,SPIRIT LEAVENS,0.0003575820431395455,[0]
COMMON SUBSTANCE,SPIRITS BODIES,0.0003575820431395455,[0]
COMMON SUBSTANCE,STONE,0.0003575820431395455,[0]
COMMON SUBSTANCE,SUBTLE MERCURY,0.0003575820431395455,[0]
COMMON SUBSTANCE,SUCH VIRTUE,0.0003575820431395455,[0]
COMMON SUBSTANCE,SUN,0.0003575820431395455,[0]
COMMON SUBSTANCE,SUN MOON,0.0003575820431395455,[0]
COMMON SUBSTANCE,TEMPERATE BATH,0.0003575820431395455,[0]
COMMON SUBSTANCE,TRANSMUTE MERCURY,0.0003575820431395455,[0]
COMMON SUBSTANCE,TYPICAL FORM,0.0003575820431395455,[0]
COMMON SUBSTANCE,VOLATILE SUBSTANCE RISES,0.0003575820431395455,[0]
COMMON SUBSTANCE,VOLATILE WATER,0.0003575820431395455,[0]
COMMON SUBSTANCE,WATER ASCEND,0.0003575820431395455,[0]
COMMON SUBSTANCE,WHOLE BODY,0.0003575820431395455,[0]
COMMON SUBSTANCE,WHOLE EARTH,0.0003575820431395455,[0]
COMMON SUBSTANCE,WHOLE LUMP,0.0003575820431395455,[0]
COMMON SUBSTANCE,WHOLE POTENCY THEREOF,0.0003575820431395455,[0]
COMMON SUBSTANCE,WHOLE WORLD,0.0003575820431395455,[0]
COMMON SUBSTANCE,WIND BEARS,0.0003575820431395455,[0]
DESCENDS DOWNWARD,DIFFERENT COLOUR,0.0003575820431395455,[0]
DESCENDS DOWNWARD,EARTH SEPARATES,0.0003575820431395455,[0]
DESCENDS DOWNWARD,ELEMENTARY MATERIAL,0.0003575820431395455,[0]
DESCENDS DOWNWARD,FALSE INTERPRETATION,0.0003575820431395455,[0]
DESCENDS DOWNWARD,FASHION TRANSMUTES,0.0003575820431395455,[0]
DESCENDS DOWNWARD,FATHER,0.0003575820431395455,[0]
DESCENDS DOWNWARD,FIRM BODIES,0.0003575820431395455,[0]
DESCENDS DOWNWARD,FLIGHT POVERTY,0.0003575820431395455,[0]
DESCENDS DOWNWARD,FOETUS DAY,0.0003575820431395455,[0]
DESCENDS DOWNWARD,FULL STRENGTH,0.0003575820431395455,[0]
DESCENDS DOWNWARD,GENTLE COCTION,0.0003575820431395455,[0]
DESCENDS DOWNWARD,GENTLE HEAT,0.0003575820431395455,[0]
DESCENDS DOWNWARD,GOD,0.0003575820431395455,[0]
DESCENDS DOWNWARD,GOOD UNDERSTANDING,0.0003575820431395455,[0]
DESCENDS DOWNWARD,GREAT ARTIFICE,0.0003575820431395455,[0]
DESCENDS DOWNWARD,HEN HATCHES,0.0003575820431395455,[0]
DESCENDS DOWNWARD,HENCE,0.0003575820431395455,[0]
DESCENDS DOWNWARD,HENCE HERMES,0.0003575820431395455,[0]
DESCENDS DOWNWARD,HERMES,0.0003575820431395455,[0]
DESCENDS DOWNWARD,HERMES TRISMEGISTUS,0.0003575820431395455,[0]
DESCENDS DOWNWARD,HID FIRE,0.0003575820431395455,[0]
DESCENDS DOWNWARD,HUMAN BODY,0.0003575820431395455,[0]
DESCENDS DOWNWARD,IGNORANT READER,0.0003575820431395455,[0]
DESCENDS DOWNWARD,IMPARTS FOOD,0.0003575820431395455,[0]
DESCENDS DOWNWARD,INTERNAL ACTION,0.0003575820431395455,[0]
DESCENDS DOWNWARD,ITSELF,0.0003575820431395455,[0]
DESCENDS DOWNWARD,MATERNAL WOMB,0.0003575820431395455,[0]
DESCENDS DOWNWARD,MATTER,0.0003575820431395455,[0]
DESCENDS DOWNWARD,MERCURY,0.0003575820431395455,[0]
DESCENDS DOWNWARD,MOON,0.0003575820431395455,[0]
DESCENDS DOWNWARD,MYSTIC LANGUAGE,0.0003575820431395455,[0]
DESCENDS DOWNWARD,NATURAL HEAT,0.0003575820431395455,[0]
DESCENDS DOWNWARD,NATURE,0.0003575820431395455,[0]
DESCENDS DOWNWARD,NEW BODY,0.0003575820431395455,[0]
DESCENDS DOWNWARD,NEW FOETUS,0.0003575820431395455,[0]
DESCENDS DOWNWARD,NUTRITIVE PRINCIPLE,0.0003575820431395455,[0]
DESCENDS DOWNWARD,OWN FOOLISH NOTIONS,0.0003575820431395455,[0]
DESCENDS DOWNWARD,OWN IGNORANCE,0.0003575820431395455,[0]
DESCENDS DOWNWARD,OWN SUBSTANCE,0.0003575820431395455,[0]
DESCENDS DOWNWARD,OWN VIRTUE,0.0003575820431395455,[0]
DESCENDS DOWNWARD,PHILOSOPHERS,0.0003575820431395455,[0]
DESCENDS DOWNWARD,PRECIOUS COMFORT,0.0003575820431395455,[0]
DESCENDS DOWNWARD,PRECIOUS STONES,0.0003575820431395455,[0]
DESCENDS DOWNWARD,PROUD TITLE,0.0003575820431395455,[0]
DESCENDS DOWNWARD,SAGE,0.0003575820431395455,[0]
DESCENDS DOWNWARD,SAGES,0.0003575820431395455,[0]
DESCENDS DOWNWARD,SMALL WORLD,0.0003575820431395455,[0]
DESCENDS DOWNWARD,SOLID BODIES,0.0003575820431395455,[0]
DESCENDS DOWNWARD,SPECIFIC FORM,0.0003575820431395455,[0]
DESCENDS DOWNWARD,SPIRIT LEAVENS,0.0003575820431395455,[0]
DESCENDS DOWNWARD,SPIRITS BODIES,0.0003575820431395455,[0]
DESCENDS DOWNWARD,STONE,0.0003575820431395455,[0]
DESCENDS DOWNWARD,SUBTLE MERCURY,0.0003575820431395455,[0]
DESCENDS DOWNWARD,SUCH VIRTUE,0.0003575820431395455,[0]
DESCENDS DOWNWARD,SUN,0.0003575820431395455,[0]
DESCENDS DOWNWARD,SUN MOON,0.0003575820431395455,[0]
DESCENDS DOWNWARD,TEMPERATE BATH,0.0003575820431395455,[0]
DESCENDS DOWNWARD,TRANSMUTE MERCURY,0.0003575820431395455,[0]
DESCENDS DOWNWARD,TYPICAL FORM,0.0003575820431395455,[0]
DESCENDS DOWNWARD,VOLATILE SUBSTANCE RISES,0.0003575820431395455,[0]
DESCENDS DOWNWARD,VOLATILE WATER,0.0003575820431395455,[0]
DESCENDS DOWNWARD,WATER ASCEND,0.0003575820431395455,[0]
DESCENDS DOWNWARD,WHOLE BODY,0.0003575820431395455,[0]
DESCENDS DOWNWARD,WHOLE EARTH,0.0003575820431395455,[0]
DESCENDS DOWNWARD,WHOLE LUMP,0.0003575820431395455,[0]
DESCENDS DOWNWARD,WHOLE POTENCY THEREOF,0.0003575820431395455,[0]
DESCENDS DOWNWARD,WHOLE WORLD,0.0003575820431395455,[0]
DESCENDS DOWNWARD,WIND BEARS,0.0003575820431395455,[0]
DIFFERENT COLOUR,EARTH SEPARATES,0.0003575820431395455,[0]
DIFFERENT COLOUR,ELEMENTARY MATERIAL,0.0003575820431395455,[0]
DIFFERENT COLOUR,FALSE INTERPRETATION,0.0003575820431395455,[0]
DIFFERENT COLOUR,FASHION TRANSMUTES,0.0003575820431395455,[0]
DIFFERENT COLOUR,FATHER,0.0003575820431395455,[0]
DIFFERENT COLOUR,FIRM BODIES,0.0003575820431395455,[0]
DIFFERENT COLOUR,FLIGHT POVERTY,0.0003575820431395455,[0]
DIFFERENT COLOUR,FOETUS DAY,0.0003575820431395455,[0]
DIFFERENT COLOUR,FULL STRENGTH,0.0003575820431395455,[0]
DIFFERENT COLOUR,GENTLE COCTION,0.0003575820431395455,[0]
DIFFERENT COLOUR,GENTLE HEAT,0.0003575820431395455,[0]
DIFFERENT COLOUR,GOD,0.0003575820431395455,[0]
DIFFERENT COLOUR,GOOD UNDERSTANDING,0.0003575820431395455,[0]
DIFFERENT COLOUR,GREAT ARTIFICE,0.0003575820431395455,[0]
DIFFERENT COLOUR,HEN HATCHES,0.0003575820431395455,[0]
DIFFERENT COLOUR,HENCE,0.0003575820431395455,[0]
DIFFERENT COLOUR,HENCE HERMES,0.0003575820431395455,[0]
DIFFERENT COLOUR,HERMES,0.0003575820431395455,[0]
DIFFERENT COLOUR,HERMES TRISMEGISTUS,0.0003575820431395455,[0]
DIFFERENT COLOUR,HID FIRE,0.0003575820431395455,[0]
DIFFERENT COLOUR,HUMAN BODY,0.0003575820431395455,[0]
DIFFERENT COLOUR,IGNORANT READER,0.0003575820431395455,[0]
DIFFERENT COLOUR,IMPARTS FOOD,0.0003575820431395455,[0]
DIFFERENT COLOUR,INTERNAL ACTION,0.0003575820431395455,[0]
DIFFERENT COLOUR,ITSELF,0.0003575820431395455,[0]
DIFFERENT COLOUR,MATERNAL WOMB,0.0003575820431395455,[0]
DIFFERENT COLOUR,MATTER,0.0003575820431395455,[0]
DIFFERENT COLOUR,MERCURY,0.0003575820431395455,[0]
DIFFERENT COLOUR,MOON,0.0003575820431395455,[0]
DIFFERENT COLOUR,MYSTIC LANGUAGE,0.0003575820431395455,[0]
DIFFERENT COLOUR,NATURAL HEAT,0.0003575820431395455,[0]
DIFFERENT COLOUR,NATURE,0.0003575820431395455,[0]
DIFFERENT COLOUR,NEW BODY,0.0003575820431395455,[0]
DIFFERENT COLOUR,NEW FOETUS,0.0003575820431395455,[0]
DIFFERENT COLOUR,NUTRITIVE PRINCIPLE,0.0003575820431395455,[0]
DIFFERENT COLOUR,OWN FOOLISH NOTIONS,0.0003575820431395455,[0]
DIFFERENT COLOUR,OWN IGNORANCE,0.0003575820431395455,[0]
DIFFERENT COLOUR,OWN SUBSTANCE,0.0003575820431395455,[0]
DIFFERENT COLOUR,OWN VIRTUE,0.0003575820431395455,[0]
DIFFERENT COLOUR,PHILOSOPHERS,0.0003575820431395455,[0]
DIFFERENT COLOUR,PRECIOUS COMFORT,0.0003575820431395455,[0]
DIFFERENT COLOUR,PRECIOUS STONES,0.0003575820431395455,[0]
DIFFERENT COLOUR,PROUD TITLE,0.0003575820431395455,[0]
DIFFERENT COLOUR,SAGE,0.0003575820431395455,[0]
DIFFERENT COLOUR,SAGES,0.0003575820431395455,[0]
DIFFERENT COLOUR,SMALL WORLD,0.0003575820431395455,[0]
DIFFERENT COLOUR,SOLID BODIES,0.0003575820431395455,[0]
DIFFERENT COLOUR,SPECIFIC FORM,0.0003575820431395455,[0]
DIFFERENT COLOUR,SPIRIT LEAVENS,0.0003575820431395455,[0]
DIFFERENT COLOUR,SPIRITS BODIES,0.0003575820431395455,[0]
DIFFERENT COLOUR,STONE,0.0003575820431395455,[0]
DIFFERENT COLOUR,SUBTLE MERCURY,0.0003575820431395455,[0]
DIFFERENT COLOUR,SUCH VIRTUE,0.0003575820431395455,[0]
DIFFERENT COLOUR,SUN,0.0003575820431395455,[0]
DIFFERENT COLOUR,SUN MOON,0.0003575820431395455,[0]
DIFFERENT COLOUR,TEMPERATE BATH,0.0003575820431395455,[0]
DIFFERENT COLOUR,TRANSMUTE MERCURY,0.0003575820431395455,[0]
DIFFERENT COLOUR,TYPICAL FORM,0.0003575820431395455,[0]
DIFFERENT COLOUR,VOLATILE SUBSTANCE RISES,0.0003575820431395455,[0]
DIFFERENT COLOUR,VOLATILE WATER,0.0003575820431395455,[0]
DIFFERENT COLOUR,WATER ASCEND,0.0003575820431395455,[0]
DIFFERENT COLOUR,WHOLE BODY,0.0003575820431395455,[0]
DIFFERENT COLOUR,WHOLE EARTH,0.0003575820431395455,[0]
DIFFERENT COLOUR,WHOLE LUMP,0.0003575820431395455,[0]
DIFFERENT COLOUR,WHOLE POTENCY THEREOF,0.0003575820431395455,[0]
DIFFERENT COLOUR,WHOLE WORLD,0.0003575820431395455,[0]
DIFFERENT COLOUR,WIND BEARS,0.0003575820431395455,[0]
EARTH SEPARATES,ELEMENTARY MATERIAL,0.0003575820431395455,[0]
EARTH SEPARATES,FALSE INTERPRETATION,0.0003575820431395455,[0]
EARTH SEPARATES,FASHION TRANSMUTES,0.0003575820431395455,[0]
EARTH SEPARATES,FATHER,0.0003575820431395455,[0]
EARTH SEPARATES,FIRM BODIES,0.0003575820431395455,[0]
EARTH SEPARATES,FLIGHT POVERTY,0.0003575820431395455,[0]
EARTH SEPARATES,FOETUS DAY,0.0003575820431395455,[0]
EARTH SEPARATES,FULL STRENGTH,0.0003575820431395455,[0]
EARTH SEPARATES,GENTLE COCTION,0.0003575820431395455,[0]
EARTH SEPARATES,GENTLE HEAT,0.0003575820431395455,[0]
EARTH SEPARATES,GOD,0.0003575820431395455,[0]
EARTH SEPARATES,GOOD UNDERSTANDING,0.0003575820431395455,[0]
EARTH SEPARATES,GREAT ARTIFICE,0.0003575820431395455,[0]
EARTH SEPARATES,HEN HATCHES,0.0003575820431395455,[0]
EARTH SEPARATES,HENCE,0.0003575820431395455,[0]
EARTH SEPARATES,HENCE HERMES,0.0003575820431395455,[0]
EARTH SEPARATES,HERMES,0.0003575820431395455,[0]
EARTH SEPARATES,HERMES TRISMEGISTUS,0.0003575820431395455,[0]
EARTH SEPARATES,HID FIRE,0.0003575820431395455,[0]
EARTH SEPARATES,HUMAN BODY,0.0003575820431395455,[0]
EARTH SEPARATES,IGNORANT READER,0.0003575820431395455,[0]
EARTH SEPARATES,IMPARTS FOOD,0.0003575820431395455,[0]
EARTH SEPARATES,INTERNAL ACTION,0.0003575820431395455,[0]
EARTH SEPARATES,ITSELF,0.0003575820431395455,[0]
EARTH SEPARATES,MATERNAL WOMB,0.0003575820431395455,[0]
EARTH SEPARATES,MATTER,0.0003575820431395455,[0]
EARTH SEPARATES,MERCURY,0.0003575820431395455,[0]
EARTH SEPARATES,MOON,0.0003575820431395455,[0]
EARTH SEPARATES,MYSTIC LANGUAGE,0.0003575820431395455,[0]
EARTH SEPARATES,NATURAL HEAT,0.0003575820431395455,[0]
EARTH SEPARATES,NATURE,0.0003575820431395455,[0]
EARTH SEPARATES,NEW BODY,0.0003575820431395455,[0]
EARTH SEPARATES,NEW FOETUS,0.0003575820431395455,[0]
EARTH SEPARATES,NUTRITIVE PRINCIPLE,0.0003575820431395455,[0]
EARTH SEPARATES,OWN FOOLISH NOTIONS,0.0003575820431395455,[0]
EARTH SEPARATES,OWN IGNORANCE,0.0003575820431395455,[0]
EARTH SEPARATES,OWN SUBSTANCE,0.0003575820431395455,[0]
EARTH SEPARATES,OWN VIRTUE,0.0003575820431395455,[0]
EARTH SEPARATES,PHILOSOPHERS,0.0003575820431395455,[0]
EARTH SEPARATES,PRECIOUS COMFORT,0.0003575820431395455,[0]
EARTH SEPARATES,PRECIOUS STONES,0.0003575820431395455,[0]
EARTH SEPARATES,PROUD TITLE,0.0003575820431395455,[0]
EARTH SEPARATES,SAGE,0.0003575820431395455,[0]
EARTH SEPARATES,SAGES,0.0003575820431395455,[0]
EARTH SEPARATES,SMALL WORLD,0.0003575820431395455,[0]
EARTH SEPARATES,SOLID BODIES,0.0003575820431395455,[0]
EARTH SEPARATES,SPECIFIC FORM,0.0003575820431395455,[0]
EARTH SEPARATES,SPIRIT LEAVENS,0.0003575820431395455,[0]
EARTH SEPARATES,SPIRITS BODIES,0.0003575820431395455,[0]
EARTH SEPARATES,STONE,0.0003575820431395455,[0]
EARTH SEPARATES,SUBTLE MERCURY,0.0003575820431395455,[0]
EARTH SEPARATES,SUCH VIRTUE,0.0003575820431395455,[0]
EARTH SEPARATES,SUN,0.0003575820431395455,[0]
EARTH SEPARATES,SUN MOON,0.0003575820431395455,[0]
EARTH SEPARATES,TEMPERATE BATH,0.0003575820431395455,[0]
EARTH SEPARATES,TRANSMUTE MERCURY,0.0003575820431395455,[0]
EARTH SEPARATES,TYPICAL FORM,0.0003575820431395455,[0]
EARTH SEPARATES,VOLATILE SUBSTANCE RISES,0.0003575820431395455,[0]
EARTH SEPARATES,VOLATILE WATER,0.0003575820431395455,[0]
EARTH SEPARATES,WATER ASCEND,0.0003575820431395455,[0]
EARTH SEPARATES,WHOLE BODY,0.0003575820431395455,[0]
EARTH SEPARATES,WHOLE EARTH,0.0003575820431395455,[0]
EARTH SEPARATES,WHOLE LUMP,0.0003575820431395455,[0]
EARTH SEPARATES,WHOLE POTENCY THEREOF,0.0003575820431395455,[0]
EARTH SEPARATES,WHOLE WORLD,0.0003575820431395455,[0]
EARTH SEPARATES,WIND BEARS,0.0003575820431395455,[0]
ELEMENTARY MATERIAL,FALSE INTERPRETATION,0.0003575820431395455,[0]
ELEMENTARY MATERIAL,FASHION TRANSMUTES,0.0003575820431395455,[0]
ELEMENTARY MATERIAL,FATHER,0.0003575820431395455,[0]
ELEMENTARY MATERIAL,FIRM BODIES,0.0003575820431395455,[0]
ELEMENTARY MATERIAL,FLIGHT POVERTY,0.0003575820431395455,[0]
ELEMENTARY MATERIAL,FOETUS DAY,0.0003575820431395455,[0]
ELEMENTARY MATERIAL,FULL STRENGTH,0.0003575820431395455,[0]
ELEMENTARY MATERIAL,GENTLE COCTION,0.0003575820431395455,[0]
ELEMENTARY MATERIAL,GENTLE HEAT,0.0003575820431395455,[0]
ELEMENTARY MATERIAL,GOD,0.0003575820431395455,[0]
ELEMENTARY MATERIAL,GOOD UNDERSTANDING,0.0003575820431395455,[0]
ELEMENTARY MATERIAL,GREAT ARTIFICE,0.0003575820431395455,[0]
ELEMENTARY MATERIAL,HEN HATCHES,0.0003575820431395455,[0]
ELEMENTARY MATERIAL,HENCE,0.0003575820431395455,[0]
ELEMENTARY MATERIAL,HENCE HERMES,0.0003575820431395455,[0]
ELEMENTARY MATERIAL,HERMES,0.0003575820431395455,[0]
ELEMENTARY MATERIAL,HERMES TRISMEGISTUS,0.0003575820431395455,[0]
ELEMENTARY MATERIAL,HID FIRE,0.0003575820431395455,[0]
ELEMENTARY MATERIAL,HUMAN BODY,0.0003575820431395455,[0]
ELEMENTARY MATERIAL,IGNORANT READER,0.0003575820431395455,[0]
ELEMENTARY MATERIAL,IMPARTS FOOD,0.0003575820431395455,[0]
ELEMENTARY MATERIAL,INTERNAL ACTION,0.0003575820431395455,[0]
ELEMENTARY MATERIAL,ITSELF,0.0003575820431395455,[0]
ELEMENTARY MATERIAL,MATERNAL WOMB,0.0003575820431395455,[0]
ELEMENTARY MATERIAL,MATTER,0.0003575820431395455,[0]
ELEMENTARY MATERIAL,MERCURY,0.0003575820431395455,[0]
ELEMENTARY MATERIAL,MOON,0.0003575820431395455,[0]
ELEMENTARY MATERIAL,MYSTIC LANGUAGE,0.0003575820431395455,[0]
ELEMENTARY MATERIAL,NATURAL HEAT,0.0003575820431395455,[0]
ELEMENTARY MATERIAL,NATURE,0.0003575820431395455,[0]
ELEMENTARY MATERIAL,NEW BODY,0.0003575820431395455,[0]
ELEMENTARY MATERIAL,NEW FOETUS,0.0003575820431395455,[0]
ELEMENTARY MATERIAL,NUTRITIVE PRINCIPLE,0.0003575820431395455,[0]
ELEMENTARY MATERIAL,OWN FOOLISH NOTIONS,0.0003575820431395455,[0]
ELEMENTARY MATERIAL,OWN IGNORANCE,0.0003575820431395455,[0]
ELEMENTARY MATERIAL,OWN SUBSTANCE,0.0003575820431395455,[0]
ELEMENTARY MATERIAL,OWN VIRTUE,0.0003575820431395455,[0]
ELEMENTARY MATERIAL,PHILOSOPHERS,0.0003575820431395455,[0]
ELEMENTARY MATERIAL,PRECIOUS COMFORT,0.0003575820431395455,[0]
ELEMENTARY MATERIAL,PRECIOUS STONES,0.0003575820431395455,[0]
ELEMENTARY MATERIAL,PROUD TITLE,0.0003575820431395455,[0]
ELEMENTARY MATERIAL,SAGE,0.0003575820431395455,[0]
ELEMENTARY MATERIAL,SAGES,0.0003575820431395455,[0]
ELEMENTARY MATERIAL,SMALL WORLD,0.0003575820431395455,[0]
ELEMENTARY MATERIAL,SOLID BODIES,0.0003575820431395455,[0]
ELEMENTARY MATERIAL,SPECIFIC FORM,0.0003575820431395455,[0]
ELEMENTARY MATERIAL,SPIRIT LEAVENS,0.0003575820431395455,[0]
ELEMENTARY MATERIAL,SPIRITS BODIES,0.0003575820431395455,[0]
ELEMENTARY MATERIAL,STONE,0.0003575820431395455,[0]
ELEMENTARY MATERIAL,SUBTLE MERCURY,0.0003575820431395455,[0]
ELEMENTARY MATERIAL,SUCH VIRTUE,0.0003575820431395455,[0]
ELEMENTARY MATERIAL,SUN,0.0003575820431395455,[0]
ELEMENTARY MATERIAL,SUN MOON,0.0003575820431395455,[0]
ELEMENTARY MATERIAL,TEMPERATE BATH,0.0003575820431395455,[0]
ELEMENTARY MATERIAL,TRANSMUTE MERCURY,0.0003575820431395455,[0]
ELEMENTARY MATERIAL,TYPICAL FORM,0.0003575820431395455,[0]
ELEMENTARY MATERIAL,VOLATILE SUBSTANCE RISES,0.0003575820431395455,[0]
ELEMENTARY MATERIAL,VOLATILE WATER,0.0003575820431395455,[0]
ELEMENTARY MATERIAL,WATER ASCEND,0.0003575820431395455,[0]
ELEMENTARY MATERIAL,WHOLE BODY,0.0003575820431395455,[0]
ELEMENTARY MATERIAL,WHOLE EARTH,0.0003575820431395455,[0]
ELEMENTARY MATERIAL,WHOLE LUMP,0.0003575820431395455,[0]
ELEMENTARY MATERIAL,WHOLE POTENCY THEREOF,0.0003575820431395455,[0]
ELEMENTARY MATERIAL,WHOLE WORLD,0.0003575820431395455,[0]
ELEMENTARY MATERIAL,WIND BEARS,0.0003575820431395455,[0]
FALSE INTERPRETATION,FASHION TRANSMUTES,0.0003575820431395455,[0]
FALSE INTERPRETATION,FATHER,0.0003575820431395455,[0]
FALSE INTERPRETATION,FIRM BODIES,0.0003575820431395455,[0]
FALSE INTERPRETATION,FLIGHT POVERTY,0.0003575820431395455,[0]
FALSE INTERPRETATION,FOETUS DAY,0.0003575820431395455,[0]
FALSE INTERPRETATION,FULL STRENGTH,0.0003575820431395455,[0]
FALSE INTERPRETATION,GENTLE COCTION,0.0003575820431395455,[0]
FALSE INTERPRETATION,GENTLE HEAT,0.0003575820431395455,[0]
FALSE INTERPRETATION,GOD,0.0003575820431395455,[0]
FALSE INTERPRETATION,GOOD UNDERSTANDING,0.0003575820431395455,[0]
FALSE INTERPRETATION,GREAT ARTIFICE,0.0003575820431395455,[0]
FALSE INTERPRETATION,HEN HATCHES,0.0003575820431395455,[0]
FALSE INTERPRETATION,HENCE,0.0003575820431395455,[0]
FALSE INTERPRETATION,HENCE HERMES,0.0003575820431395455,[0]
FALSE INTERPRETATION,HERMES,0.0003575820431395455,[0]
FALSE INTERPRETATION,HERMES TRISMEGISTUS,0.0003575820431395455,[0]
FALSE INTERPRETATION,HID FIRE,0.0003575820431395455,[0]
FALSE INTERPRETATION,HUMAN BODY,0.0003575820431395455,[0]
FALSE INTERPRETATION,IGNORANT READER,0.0003575820431395455,[0]
FALSE INTERPRETATION,IMPARTS FOOD,0.0003575820431395455,[0]
FALSE INTERPRETATION,INTERNAL ACTION,0.0003575820431395455,[0]
FALSE INTERPRETATION,ITSELF,0.0003575820431395455,[0]
FALSE INTERPRETATION,MATERNAL WOMB,0.0003575820431395455,[0]
FALSE INTERPRETATION,MATTER,0.0003575820431395455,[0]
FALSE INTERPRETATION,MERCURY,0.0003575820431395455,[0]
FALSE INTERPRETATION,MOON,0.0003575820431395455,[0]
FALSE INTERPRETATION,MYSTIC LANGUAGE,0.0003575820431395455,[0]
FALSE INTERPRETATION,NATURAL HEAT,0.0003575820431395455,[0]
FALSE INTERPRETATION,NATURE,0.0003575820431395455,[0]
FALSE INTERPRETATION,NEW BODY,0.0003575820431395455,[0]
FALSE INTERPRETATION,NEW FOETUS,0.0003575820431395455,[0]
FALSE INTERPRETATION,NUTRITIVE PRINCIPLE,0.0003575820431395455,[0]
FALSE INTERPRETATION,OWN FOOLISH NOTIONS,0.0003575820431395455,[0]
FALSE INTERPRETATION,OWN IGNORANCE,0.0003575820431395455,[0]
FALSE INTERPRETATION,OWN SUBSTANCE,0.0003575820431395455,[0]
FALSE INTERPRETATION,OWN VIRTUE,0.0003575820431395455,[0]
FALSE INTERPRETATION,PHILOSOPHERS,0.0003575820431395455,[0]
FALSE INTERPRETATION,PRECIOUS COMFORT,0.0003575820431395455,[0]
FALSE INTERPRETATION,PRECIOUS STONES,0.0003575820431395455,[0]
FALSE INTERPRETATION,PROUD TITLE,0.0003575820431395455,[0]
FALSE INTERPRETATION,SAGE,0.0003575820431395455,[0]
FALSE INTERPRETATION,SAGES,0.0003575820431395455,[0]
FALSE INTERPRETATION,SMALL WORLD,0.0003575820431395455,[0]
FALSE INTERPRETATION,SOLID BODIES,0.0003575820431395455,[0]
FALSE INTERPRETATION,SPECIFIC FORM,0.0003575820431395455,[0]
FALSE INTERPRETATION,SPIRIT LEAVENS,0.0003575820431395455,[0]
FALSE INTERPRETATION,SPIRITS BODIES,0.0003575820431395455,[0]
FALSE INTERPRETATION,STONE,0.0003575820431395455,[0]
FALSE INTERPRETATION,SUBTLE MERCURY,0.0003575820431395455,[0]
FALSE INTERPRETATION,SUCH VIRTUE,0.0003575820431395455,[0]
FALSE INTERPRETATION,SUN,0.0003575820431395455,[0]
FALSE INTERPRETATION,SUN MOON,0.0003575820431395455,[0]
FALSE INTERPRETATION,TEMPERATE BATH,0.0003575820431395455,[0]
FALSE INTERPRETATION,TRANSMUTE MERCURY,0.0003575820431395455,[0]
FALSE INTERPRETATION,TYPICAL FORM,0.0003575820431395455,[0]
FALSE INTERPRETATION,VOLATILE SUBSTANCE RISES,0.0003575820431395455,[0]
FALSE INTERPRETATION,VOLATILE WATER,0.0003575820431395455,[0]
FALSE INTERPRETATION,WATER ASCEND,0.0003575820431395455,[0]
FALSE INTERPRETATION,WHOLE BODY,0.0003575820431395455,[0]
FALSE INTERPRETATION,WHOLE EARTH,0.0003575820431395455,[0]
FALSE INTERPRETATION,WHOLE LUMP,0.0003575820431395455,[0]
FALSE INTERPRETATION,WHOLE POTENCY THEREOF,0.0003575820431395455,[0]
FALSE INTERPRETATION,WHOLE WORLD,0.0003575820431395455,[0]
FALSE INTERPRETATION,WIND BEARS,0.0003575820431395455,[0]
FASHION TRANSMUTES,FATHER,0.0003575820431395455,[0]
FASHION TRANSMUTES,FIRM BODIES,0.0003575820431395455,[0]
FASHION TRANSMUTES,FLIGHT POVERTY,0.0003575820431395455,[0]
FASHION TRANSMUTES,FOETUS DAY,0.0003575820431395455,[0]
FASHION TRANSMUTES,FULL STRENGTH,0.0003575820431395455,[0]
FASHION TRANSMUTES,GENTLE COCTION,0.0003575820431395455,[0]
FASHION TRANSMUTES,GENTLE HEAT,0.0003575820431395455,[0]
FASHION TRANSMUTES,GOD,0.0003575820431395455,[0]
FASHION TRANSMUTES,GOOD UNDERSTANDING,0.0003575820431395455,[0]
FASHION TRANSMUTES,GREAT ARTIFICE,0.0003575820431395455,[0]
FASHION TRANSMUTES,HEN HATCHES,0.0003575820431395455,[0]
FASHION TRANSMUTES,HENCE,0.0003575820431395455,[0]
FASHION TRANSMUTES,HENCE HERMES,0.0003575820431395455,[0]
FASHION TRANSMUTES,HERMES,0.0003575820431395455,[0]
FASHION TRANSMUTES,HERMES TRISMEGISTUS,0.0003575820431395455,[0]
FASHION TRANSMUTES,HID FIRE,0.0003575820431395455,[0]
FASHION TRANSMUTES,HUMAN BODY,0.0003575820431395455,[0]
FASHION TRANSMUTES,IGNORANT READER,0.0003575820431395455,[0]
FASHION TRANSMUTES,IMPARTS FOOD,0.0003575820431395455,[0]
FASHION TRANSMUTES,INTERNAL ACTION,0.0003575820431395455,[0]
FASHION TRANSMUTES,ITSELF,0.0003575820431395455,[0]
FASHION TRANSMUTES,MATERNAL WOMB,0.0003575820431395455,[0]
FASHION TRANSMUTES,MATTER,0.0003575820431395455,[0]
FASHION TRANSMUTES,MERCURY,0.0003575820431395455,[0]
FASHION TRANSMUTES,MOON,0.0003575820431395455,[0]
FASHION TRANSMUTES,MYSTIC LANGUAGE,0.0003575820431395455,[0]
FASHION TRANSMUTES,NATURAL HEAT,0.0003575820431395455,[0]
FASHION TRANSMUTES,NATURE,0.0003575820431395455,[0]
FASHION TRANSMUTES,NEW BODY,0.0003575820431395455,[0]
FASHION TRANSMUTES,NEW FOETUS,0.0003575820431395455,[0]
FASHION TRANSMUTES,NUTRITIVE PRINCIPLE,0.0003575820431395455,[0]
FASHION TRANSMUTES,OWN FOOLISH NOTIONS,0.0003575820431395455,[0]
FASHION TRANSMUTES,OWN IGNORANCE,0.0003575820431395455,[0]
FASHION TRANSMUTES,OWN SUBSTANCE,0.0003575820431395455,[0]
FASHION TRANSMUTES,OWN VIRTUE,0.0003575820431395455,[0]
FASHION TRANSMUTES,PHILOSOPHERS,0.0003575820431395455,[0]
FASHION TRANSMUTES,PRECIOUS COMFORT,0.0003575820431395455,[0]
FASHION TRANSMUTES,PRECIOUS STONES,0.0003575820431395455,[0]
FASHION TRANSMUTES,PROUD TITLE,0.0003575820431395455,[0]
FASHION TRANSMUTES,SAGE,0.0003575820431395455,[0]
FASHION TRANSMUTES,SAGES,0.0003575820431395455,[0]
FASHION TRANSMUTES,SMALL WORLD,0.0003575820431395455,[0]
FASHION TRANSMUTES,SOLID BODIES,0.0003575820431395455,[0]
FASHION TRANSMUTES,SPECIFIC FORM,0.0003575820431395455,[0]
FASHION TRANSMUTES,SPIRIT LEAVENS,0.0003575820431395455,[0]
FASHION TRANSMUTES,SPIRITS BODIES,0.0003575820431395455,[0]
FASHION TRANSMUTES,STONE,0.0003575820431395455,[0]
FASHION TRANSMUTES,SUBTLE MERCURY,0.0003575820431395455,[0]
FASHION TRANSMUTES,SUCH VIRTUE,0.0003575820431395455,[0]
FASHION TRANSMUTES,SUN,0.0003575820431395455,[0]
FASHION TRANSMUTES,SUN MOON,0.0003575820431395455,[0]
FASHION TRANSMUTES,TEMPERATE BATH,0.0003575820431395455,[0]
FASHION TRANSMUTES,TRANSMUTE MERCURY,0.0003575820431395455,[0]
FASHION TRANSMUTES,TYPICAL FORM,0.0003575820431395455,[0]
FASHION TRANSMUTES,VOLATILE SUBSTANCE RISES,0.0003575820431395455,[0]
FASHION TRANSMUTES,VOLATILE WATER,0.0003575820431395455,[0]
FASHION TRANSMUTES,WATER ASCEND,0.0003575820431395455,[0]
FASHION TRANSMUTES,WHOLE BODY,0.0003575820431395455,[0]
FASHION TRANSMUTES,WHOLE EARTH,0.0003575820431395455,[0]
FASHION TRANSMUTES,WHOLE LUMP,0.0003575820431395455,[0]
FASHION TRANSMUTES,WHOLE POTENCY THEREOF,0.0003575820431395455,[0]
FASHION TRANSMUTES,WHOLE WORLD,0.0003575820431395455,[0]
FASHION TRANSMUTES,WIND BEARS,0.0003575820431395455,[0]
FATHER,FIRM BODIES,0.0003575820431395455,[0]
FATHER,FLIGHT POVERTY,0.0003575820431395455,[0]
FATHER,FOETUS DAY,0.0003575820431395455,[0]
FATHER,FULL STRENGTH,0.0003575820431395455,[0]
FATHER,GENTLE COCTION,0.0003575820431395455,[0]
FATHER,GENTLE HEAT,0.0003575820431395455,[0]
FATHER,GOD,0.0003575820431395455,[0]
FATHER,GOOD UNDERSTANDING,0.0003575820431395455,[0]
FATHER,GREAT ARTIFICE,0.0003575820431395455,[0]
FATHER,HEN HATCHES,0.0003575820431395455,[0]
FATHER,HENCE,0.0003575820431395455,[0]
FATHER,HENCE HERMES,0.0003575820431395455,[0]
FATHER,HERMES,0.0003575820431395455,[0]
FATHER,HERMES TRISMEGISTUS,0.0003575820431395455,[0]
FATHER,HID FIRE,0.0003575820431395455,[0]
FATHER,HUMAN BODY,0.0003575820431395455,[0]
FATHER,IGNORANT READER,0.0003575820431395455,[0]
FATHER,IMPARTS FOOD,0.0003575820431395455,[0]
FATHER,INTERNAL ACTION,0.0003575820431395455,[0]
FATHER,ITSELF,0.0003575820431395455,[0]
FATHER,MATERNAL WOMB,0.0003575820431395455,[0]
FATHER,MATTER,0.0003575820431395455,[0]
FATHER,MERCURY,0.0003575820431395455,[0]
FATHER,MOON,0.0003575820431395455,[0]
FATHER,MYSTIC LANGUAGE,0.0003575820431395455,[0]
FATHER,NATURAL HEAT,0.0003575820431395455,[0]
FATHER,NATURE,0.0003575820431395455,[0]
FATHER,NEW BODY,0.0003575820431395455,[0]
FATHER,NEW FOETUS,0.0003575820431395455,[0]
FATHER,NUTRITIVE PRINCIPLE,0.0003575820431395455,[0]
FATHER,OWN FOOLISH NOTIONS,0.0003575820431395455,[0]
FATHER,OWN IGNORANCE,0.0003575820431395455,[0]
FATHER,OWN SUBSTANCE,0.0003575820431395455,[0]
FATHER,OWN VIRTUE,0.0003575820431395455,[0]
FATHER,PHILOSOPHERS,0.0003575820431395455,[0]
FATHER,PRECIOUS COMFORT,0.0003575820431395455,[0]
FATHER,PRECIOUS STONES,0.0003575820431395455,[0]
FATHER,PROUD TITLE,0.0003575820431395455,[0]
FATHER,SAGE,0.0003575820431395455,[0]
FATHER,SAGES,0.0003575820431395455,[0]
FATHER,SMALL WORLD,0.0003575820431395455,[0]
FATHER,SOLID BODIES,0.0003575820431395455,[0]
FATHER,SPECIFIC FORM,0.0003575820431395455,[0]
FATHER,SPIRIT LEAVENS,0.0003575820431395455,[0]
FATHER,SPIRITS BODIES,0.0003575820431395455,[0]
FATHER,STONE,0.0003575820431395455,[0]
FATHER,SUBTLE MERCURY,0.0003575820431395455,[0]
FATHER,SUCH VIRTUE,0.0003575820431395455,[0]
FATHER,SUN,0.0003575820431395455,[0]
FATHER,SUN MOON,0.0003575820431395455,[0]
FATHER,TEMPERATE BATH,0.0003575820431395455,[0]
FATHER,TRANSMUTE MERCURY,0.0003575820431395455,[0]
FATHER,TYPICAL FORM,0.0003575820431395455,[0]
FATHER,VOLATILE SUBSTANCE RISES,0.0003575820431395455,[0]
FATHER,VOLATILE WATER,0.0003575820431395455,[0]
FATHER,WATER ASCEND,0.0003575820431395455,[0]
FATHER,WHOLE BODY,0.0003575820431395455,[0]
FATHER,WHOLE EARTH,0.0003575820431395455,[0]
FATHER,WHOLE LUMP,0.0003575820431395455,[0]
FATHER,WHOLE POTENCY THEREOF,0.0003575820431395455,[0]
FATHER,WHOLE WORLD,0.0003575820431395455,[0]
FATHER,WIND BEARS,0.0003575820431395455,[0]
FIRM BODIES,FLIGHT POVERTY,0.0003575820431395455,[0]
FIRM BODIES,FOETUS DAY,0.0003575820431395455,[0]
FIRM BODIES,FULL STRENGTH,0.0003575820431395455,[0]
FIRM BODIES,GENTLE COCTION,0.0003575820431395455,[0]
FIRM BODIES,GENTLE HEAT,0.0003575820431395455,[0]
FIRM BODIES,GOD,0.0003575820431395455,[0]
FIRM BODIES,GOOD UNDERSTANDING,0.0003575820431395455,[0]
FIRM BODIES,GREAT ARTIFICE,0.0003575820431395455,[0]
FIRM BODIES,HEN HATCHES,0.0003575820431395455,[0]
FIRM BODIES,HENCE,0.0003575820431395455,[0]
FIRM BODIES,HENCE HERMES,0.0003575820431395455,[0]
FIRM BODIES,HERMES,0.0003575820431395455,[0]
FIRM BODIES,HERMES TRISMEGISTUS,0.0003575820431395455,[0]
FIRM BODIES,HID FIRE,0.0003575820431395455,[0]
FIRM BODIES,HUMAN BODY,0.0003575820431395455,[0]
FIRM BODIES,IGNORANT READER,0.0003575820431395455,[0]
FIRM BODIES,IMPARTS FOOD,0.0003575820431395455,[0]
FIRM BODIES,INTERNAL ACTION,0.0003575820431395455,[0]
FIRM BODIES,ITSELF,0.0003575820431395455,[0]
FIRM BODIES,MATERNAL WOMB,0.0003575820431395455,[0]
FIRM BODIES,MATTER,0.0003575820431395455,[0]
FIRM BODIES,MERCURY,0.0003575820431395455,[0]
FIRM BODIES,MOON,0.0003575820431395455,[0]
FIRM BODIES,MYSTIC LANGUAGE,0.0003575820431395455,[0]
FIRM BODIES,NATURAL HEAT,0.0003575820431395455,[0]
FIRM BODIES,NATURE,0.0003575820431395455,[0]
FIRM BODIES,NEW BODY,0.0003575820431395455,[0]
FIRM BODIES,NEW FOETUS,0.0003575820431395455,[0]
FIRM BODIES,NUTRITIVE PRINCIPLE,0.0003575820431395455,[0]
FIRM BODIES,OWN FOOLISH NOTIONS,0.0003575820431395455,[0]
FIRM BODIES,OWN IGNORANCE,0.0003575820431395455,[0]
FIRM BODIES,OWN SUBSTANCE,0.0003575820431395455,[0]
FIRM BODIES,OWN VIRTUE,0.0003575820431395455,[0]
FIRM BODIES,PHILOSOPHERS,0.0003575820431395455,[0]
FIRM BODIES,PRECIOUS COMFORT,0.0003575820431395455,[0]
FIRM BODIES,PRECIOUS STONES,0.0003575820431395455,[0]
FIRM BODIES,PROUD TITLE,0.0003575820431395455,[0]
FIRM BODIES,SAGE,0.0003575820431395455,[0]
FIRM BODIES,SAGES,0.0003575820431395455,[0]
FIRM BODIES,SMALL WORLD,0.0003575820431395455,[0]
FIRM BODIES,SOLID BODIES,0.0003575820431395455,[0]
FIRM BODIES,SPECIFIC FORM,0.0003575820431395455,[0]
FIRM BODIES,SPIRIT LEAVENS,0.0003575820431395455,[0]
FIRM BODIES,SPIRITS BODIES,0.0003575820431395455,[0]
FIRM BODIES,STONE,0.0003575820431395455,[0]
FIRM BODIES,SUBTLE MERCURY,0.0003575820431395455,[0]
FIRM BODIES,SUCH VIRTUE,0.0003575820431395455,[0]
FIRM BODIES,SUN,0.0003575820431395455,[0]
FIRM BODIES,SUN MOON,0.0003575820431395455,[0]
FIRM BODIES,TEMPERATE BATH,0.0003575820431395455,[0]
FIRM BODIES,TRANSMUTE MERCURY,0.0003575820431395455,[0]
FIRM BODIES,TYPICAL FORM,0.0003575820431395455,[0]
FIRM BODIES,VOLATILE SUBSTANCE RISES,0.0003575820431395455,[0]
FIRM BODIES,VOLATILE WATER,0.0003575820431395455,[0]
FIRM BODIES,WATER ASCEND,0.0003575820431395455,[0]
FIRM BODIES,WHOLE BODY,0.0003575820431395455,[0]
FIRM BODIES,WHOLE EARTH,0.0003575820431395455,[0]
FIRM BODIES,WHOLE LUMP,0.0003575820431395455,[0]
FIRM BODIES,WHOLE POTENCY THEREOF,0.0003575820431395455,[0]
FIRM BODIES,WHOLE WORLD,0.0003575820431395455,[0]
FIRM BODIES,WIND BEARS,0.0003575820431395455,[0]
FLIGHT POVERTY,FOETUS DAY,0.0003575820431395455,[0]
FLIGHT POVERTY,FULL STRENGTH,0.0003575820431395455,[0]
FLIGHT POVERTY,GENTLE COCTION,0.0003575820431395455,[0]
FLIGHT POVERTY,GENTLE HEAT,0.0003575820431395455,[0]
FLIGHT POVERTY,GOD,0.0003575820431395455,[0]
FLIGHT POVERTY,GOOD UNDERSTANDING,0.0003575820431395455,[0]
FLIGHT POVERTY,GREAT ARTIFICE,0.0003575820431395455,[0]
FLIGHT POVERTY,HEN HATCHES,0.0003575820431395455,[0]
FLIGHT POVERTY,HENCE,0.0003575820431395455,[0]
FLIGHT POVERTY,HENCE HERMES,0.0003575820431395455,[0]
FLIGHT POVERTY,HERMES,0.0003575820431395455,[0]
FLIGHT POVERTY,HERMES TRISMEGISTUS,0.0003575820431395455,[0]
FLIGHT POVERTY,HID FIRE,0.0003575820431395455,[0]
FLIGHT POVERTY,HUMAN BODY,0.0003575820431395455,[0]
FLIGHT POVERTY,IGNORANT READER,0.0003575820431395455,[0]
FLIGHT POVERTY,IMPARTS FOOD,0.0003575820431395455,[0]
FLIGHT POVERTY,INTERNAL ACTION,0.0003575820431395455,[0]
FLIGHT POVERTY,ITSELF,0.0003575820431395455,[0]
FLIGHT POVERTY,MATERNAL WOMB,0.0003575820431395455,[0]
FLIGHT POVERTY,MATTER,0.0003575820431395455,[0]
FLIGHT POVERTY,MERCURY,0.0003575820431395455,[0]
FLIGHT POVERTY,MOON,0.0003575820431395455,[0]
FLIGHT POVERTY,MYSTIC LANGUAGE,0.0003575820431395455,[0]
FLIGHT POVERTY,NATURAL HEAT,0.0003575820431395455,[0]
FLIGHT POVERTY,NATURE,0.0003575820431395455,[0]
FLIGHT POVERTY,NEW BODY,0.0003575820431395455,[0]
FLIGHT POVERTY,NEW FOETUS,0.0003575820431395455,[0]
FLIGHT POVERTY,NUTRITIVE PRINCIPLE,0.0003575820431395455,[0]
FLIGHT POVERTY,OWN FOOLISH NOTIONS,0.0003575820431395455,[0]
FLIGHT POVERTY,OWN IGNORANCE,0.0003575820431395455,[0]
FLIGHT POVERTY,OWN SUBSTANCE,0.0003575820431395455,[0]
FLIGHT POVERTY,OWN VIRTUE,0.0003575820431395455,[0]
FLIGHT POVERTY,PHILOSOPHERS,0.0003575820431395455,[0]
FLIGHT POVERTY,PRECIOUS COMFORT,0.0003575820431395455,[0]
FLIGHT POVERTY,PRECIOUS STONES,0.0003575820431395455,[0]
FLIGHT POVERTY,PROUD TITLE,0.0003575820431395455,[0]
FLIGHT POVERTY,SAGE,0.0003575820431395455,[0]
FLIGHT POVERTY,SAGES,0.0003575820431395455,[0]
FLIGHT POVERTY,SMALL WORLD,0.0003575820431395455,[0]
FLIGHT POVERTY,SOLID BODIES,0.0003575820431395455,[0]
FLIGHT POVERTY,SPECIFIC FORM,0.0003575820431395455,[0]
FLIGHT POVERTY,SPIRIT LEAVENS,0.0003575820431395455,[0]
FLIGHT POVERTY,SPIRITS BODIES,0.0003575820431395455,[0]
FLIGHT POVERTY,STONE,0.0003575820431395455,[0]
FLIGHT POVERTY,SUBTLE MERCURY,0.0003575820431395455,[0]
FLIGHT POVERTY,SUCH VIRTUE,0.0003575820431395455,[0]
FLIGHT POVERTY,SUN,0.0003575820431395455,[0]
FLIGHT POVERTY,SUN MOON,0.0003575820431395455,[0]
FLIGHT POVERTY,TEMPERATE BATH,0.0003575820431395455,[0]
FLIGHT POVERTY,TRANSMUTE MERCURY,0.0003575820431395455,[0]
FLIGHT POVERTY,TYPICAL FORM,0.0003575820431395455,[0]
FLIGHT POVERTY,VOLATILE SUBSTANCE RISES,0.0003575820431395455,[0]
FLIGHT POVERTY,VOLATILE WATER,0.0003575820431395455,[0]
FLIGHT POVERTY,WATER ASCEND,0.0003575820431395455,[0]
FLIGHT POVERTY,WHOLE BODY,0.0003575820431395455,[0]
FLIGHT POVERTY,WHOLE EARTH,0.0003575820431395455,[0]
FLIGHT POVERTY,WHOLE LUMP,0.0003575820431395455,[0]
FLIGHT POVERTY,WHOLE POTENCY THEREOF,0.0003575820431395455,[0]
FLIGHT POVERTY,WHOLE WORLD,0.0003575820431395455,[0]
FLIGHT POVERTY,WIND BEARS,0.0003575820431395455,[0]
FOETUS DAY,FULL STRENGTH,0.0003575820431395455,[0]
FOETUS DAY,GENTLE COCTION,0.0003575820431395455,[0]
FOETUS DAY,GENTLE HEAT,0.0003575820431395455,[0]
FOETUS DAY,GOD,0.0003575820431395455,[0]
FOETUS DAY,GOOD UNDERSTANDING,0.0003575820431395455,[0]
FOETUS DAY,GREAT ARTIFICE,0.0003575820431395455,[0]
FOETUS DAY,HEN HATCHES,0.0003575820431395455,[0]
FOETUS DAY,HENCE,0.0003575820431395455,[0]
FOETUS DAY,HENCE HERMES,0.0003575820431395455,[0]
FOETUS DAY,HERMES,0.0003575820431395455,[0]
FOETUS DAY,HERMES TRISMEGISTUS,0.0003575820431395455,[0]
FOETUS DAY,HID FIRE,0.0003575820431395455,[0]
FOETUS DAY,HUMAN BODY,0.0003575820431395455,[0]
FOETUS DAY,IGNORANT READER,0.0003575820431395455,[0]
FOETUS DAY,IMPARTS FOOD,0.0003575820431395455,[0]
FOETUS DAY,INTERNAL ACTION,0.0003575820431395455,[0]
FOETUS DAY,ITSELF,0.0003575820431395455,[0]
FOETUS DAY,MATERNAL WOMB,0.0003575820431395455,[0]
FOETUS DAY,MATTER,0.0003575820431395455,[0]
FOETUS DAY,MERCURY,0.0003575820431395455,[0]
FOETUS DAY,MOON,0.0003575820431395455,[0]
FOETUS DAY,MYSTIC LANGUAGE,0.0003575820431395455,[0]
FOETUS DAY,NATURAL HEAT,0.0003575820431395455,[0]
FOETUS DAY,NATURE,0.0003575820431395455,[0]
FOETUS DAY,NEW BODY,0.0003575820431395455,[0]
FOETUS DAY,NEW FOETUS,0.0003575820431395455,[0]
FOETUS DAY,NUTRITIVE PRINCIPLE,0.0003575820431395455,[0]
FOETUS DAY,OWN FOOLISH NOTIONS,0.0003575820431395455,[0]
FOETUS DAY,OWN IGNORANCE,0.0003575820431395455,[0]
FOETUS DAY,OWN SUBSTANCE,0.0003575820431395455,[0]
FOETUS DAY,OWN VIRTUE,0.0003575820431395455,[0]
FOETUS DAY,PHILOSOPHERS,0.0003575820431395455,[0]
FOETUS DAY,PRECIOUS COMFORT,0.0003575820431395455,[0]
FOETUS DAY,PRECIOUS STONES,0.0003575820431395455,[0]
FOETUS DAY,PROUD TITLE,0.0003575820431395455,[0]
FOETUS DAY,SAGE,0.0003575820431395455,[0]
FOETUS DAY,SAGES,0.0003575820431395455,[0]
FOETUS DAY,SMALL WORLD,0.0003575820431395455,[0]
FOETUS DAY,SOLID BODIES,0.0003575820431395455,[0]
FOETUS DAY,SPECIFIC FORM,0.0003575820431395455,[0]
FOETUS DAY,SPIRIT LEAVENS,0.0003575820431395455,[0]
FOETUS DAY,SPIRITS BODIES,0.0003575820431395455,[0]
FOETUS DAY,STONE,0.0003575820431395455,[0]
FOETUS DAY,SUBTLE MERCURY,0.0003575820431395455,[0]
FOETUS DAY,SUCH VIRTUE,0.0003575820431395455,[0]
FOETUS DAY,SUN,0.0003575820431395455,[0]
FOETUS DAY,SUN MOON,0.0003575820431395455,[0]
FOETUS DAY,TEMPERATE BATH,0.0003575820431395455,[0]
FOETUS DAY,TRANSMUTE MERCURY,0.0003575820431395455,[0]
FOETUS DAY,TYPICAL FORM,0.0003575820431395455,[0]
FOETUS DAY,VOLATILE SUBSTANCE RISES,0.0003575820431395455,[0]
FOETUS DAY,VOLATILE WATER,0.0003575820431395455,[0]
FOETUS DAY,WATER ASCEND,0.0003575820431395455,[0]
FOETUS DAY,WHOLE BODY,0.0003575820431395455,[0]
FOETUS DAY,WHOLE EARTH,0.0003575820431395455,[0]
FOETUS DAY,WHOLE LUMP,0.0003575820431395455,[0]
FOETUS DAY,WHOLE POTENCY THEREOF,0.0003575820431395455,[0]
FOETUS DAY,WHOLE WORLD,0.0003575820431395455,[0]
FOETUS DAY,WIND BEARS,0.0003575820431395455,[0]
FULL STRENGTH,GENTLE COCTION,0.0003575820431395455,[0]
FULL STRENGTH,GENTLE HEAT,0.0003575820431395455,[0]
FULL STRENGTH,GOD,0.0003575820431395455,[0]
FULL STRENGTH,GOOD UNDERSTANDING,0.0003575820431395455,[0]
FULL STRENGTH,GREAT ARTIFICE,0.0003575820431395455,[0]
FULL STRENGTH,HEN HATCHES,0.0003575820431395455,[0]
FULL STRENGTH,HENCE,0.0003575820431395455,[0]
FULL STRENGTH,HENCE HERMES,0.0003575820431395455,[0]
FULL STRENGTH,HERMES,0.0003575820431395455,[0]
FULL STRENGTH,HERMES TRISMEGISTUS,0.0003575820431395455,[0]
FULL STRENGTH,HID FIRE,0.0003575820431395455,[0]
FULL STRENGTH,HUMAN BODY,0.0003575820431395455,[0]
FULL STRENGTH,IGNORANT READER,0.0003575820431395455,[0]
FULL STRENGTH,IMPARTS FOOD,0.0003575820431395455,[0]
FULL STRENGTH,INTERNAL ACTION,0.0003575820431395455,[0]
FULL STRENGTH,ITSELF,0.0003575820431395455,[0]
FULL STRENGTH,MATERNAL WOMB,0.0003575820431395455,[0]
FULL STRENGTH,MATTER,0.0003575820431395455,[0]
FULL STRENGTH,MERCURY,0.0003575820431395455,[0]
FULL STRENGTH,MOON,0.0003575820431395455,[0]
FULL STRENGTH,MYSTIC LANGUAGE,0.0003575820431395455,[0]
FULL STRENGTH,NATURAL HEAT,0.0003575820431395455,[0]
FULL STRENGTH,NATURE,0.0003575820431395455,[0]
FULL STRENGTH,NEW BODY,0.0003575820431395455,[0]
FULL STRENGTH,NEW FOETUS,0.0003575820431395455,[0]
FULL STRENGTH,NUTRITIVE PRINCIPLE,0.0003575820431395455,[0]
FULL STRENGTH,OWN FOOLISH NOTIONS,0.0003575820431395455,[0]
FULL STRENGTH,OWN IGNORANCE,0.0003575820431395455,[0]
FULL STRENGTH,OWN SUBSTANCE,0.0003575820431395455,[0]
FULL STRENGTH,OWN VIRTUE,0.0003575820431395455,[0]
FULL STRENGTH,PHILOSOPHERS,0.0003575820431395455,[0]
FULL STRENGTH,PRECIOUS COMFORT,0.0003575820431395455,[0]
FULL STRENGTH,PRECIOUS STONES,0.0003575820431395455,[0]
FULL STRENGTH,PROUD TITLE,0.0003575820431395455,[0]
FULL STRENGTH,SAGE,0.0003575820431395455,[0]
FULL STRENGTH,SAGES,0.0003575820431395455,[0]
FULL STRENGTH,SMALL WORLD,0.0003575820431395455,[0]
FULL STRENGTH,SOLID BODIES,0.0003575820431395455,[0]
FULL STRENGTH,SPECIFIC FORM,0.0003575820431395455,[0]
FULL STRENGTH,SPIRIT LEAVENS,0.0003575820431395455,[0]
FULL STRENGTH,SPIRITS BODIES,0.0003575820431395455,[0]
FULL STRENGTH,STONE,0.0003575820431395455,[0]
FULL STRENGTH,SUBTLE MERCURY,0.0003575820431395455,[0]
FULL STRENGTH,SUCH VIRTUE,0.0003575820431395455,[0]
FULL STRENGTH,SUN,0.0003575820431395455,[0]
FULL STRENGTH,SUN MOON,0.0003575820431395455,[0]
FULL STRENGTH,TEMPERATE BATH,0.0003575820431395455,[0]
FULL STRENGTH,TRANSMUTE MERCURY,0.0003575820431395455,[0]
FULL STRENGTH,TYPICAL FORM,0.0003575820431395455,[0]
FULL STRENGTH,VOLATILE SUBSTANCE RISES,0.0003575820431395455,[0]
FULL STRENGTH,VOLATILE WATER,0.0003575820431395455,[0]
FULL STRENGTH,WATER ASCEND,0.0003575820431395455,[0]
FULL STRENGTH,WHOLE BODY,0.0003575820431395455,[0]
FULL STRENGTH,WHOLE EARTH,0.0003575820431395455,[0]
FULL STRENGTH,WHOLE LUMP,0.0003575820431395455,[0]
FULL STRENGTH,WHOLE POTENCY THEREOF,0.0003575820431395455,[0]
FULL STRENGTH,WHOLE WORLD,0.0003575820431395455,[0]
FULL STRENGTH,WIND BEARS,0.0003575820431395455,[0]
GENTLE COCTION,GENTLE HEAT,0.0003575820431395455,[0]
GENTLE COCTION,GOD,0.0003575820431395455,[0]
GENTLE COCTION,GOOD UNDERSTANDING,0.0003575820431395455,[0]
GENTLE COCTION,GREAT ARTIFICE,0.0003575820431395455,[0]
GENTLE COCTION,HEN HATCHES,0.0003575820431395455,[0]
GENTLE COCTION,HENCE,0.0003575820431395455,[0]
GENTLE COCTION,HENCE HERMES,0.0003575820431395455,[0]
GENTLE COCTION,HERMES,0.0003575820431395455,[0]
GENTLE COCTION,HERMES TRISMEGISTUS,0.0003575820431395455,[0]
GENTLE COCTION,HID FIRE,0.0003575820431395455,[0]
GENTLE COCTION,HUMAN BODY,0.0003575820431395455,[0]
GENTLE COCTION,IGNORANT READER,0.0003575820431395455,[0]
GENTLE COCTION,IMPARTS FOOD,0.0003575820431395455,[0]
GENTLE COCTION,INTERNAL ACTION,0.0003575820431395455,[0]
GENTLE COCTION,ITSELF,0.0003575820431395455,[0]
GENTLE COCTION,MATERNAL WOMB,0.0003575820431395455,[0]
GENTLE COCTION,MATTER,0.0003575820431395455,[0]
GENTLE COCTION,MERCURY,0.0003575820431395455,[0]
GENTLE COCTION,MOON,0.0003575820431395455,[0]
GENTLE COCTION,MYSTIC LANGUAGE,0.0003575820431395455,[0]
GENTLE COCTION,NATURAL HEAT,0.0003575820431395455,[0]
GENTLE COCTION,NATURE,0.0003575820431395455,[0]
GENTLE COCTION,NEW BODY,0.0003575820431395455,[0]
GENTLE COCTION,NEW FOETUS,0.0003575820431395455,[0]
GENTLE COCTION,NUTRITIVE PRINCIPLE,0.0003575820431395455,[0]
GENTLE COCTION,OWN FOOLISH NOTIONS,0.0003575820431395455,[0]
GENTLE COCTION,OWN IGNORANCE,0.0003575820431395455,[0]
GENTLE COCTION,OWN SUBSTANCE,0.0003575820431395455,[0]
GENTLE COCTION,OWN VIRTUE,0.0003575820431395455,[0]
GENTLE COCTION,PHILOSOPHERS,0.0003575820431395455,[0]
GENTLE COCTION,PRECIOUS COMFORT,0.0003575820431395455,[0]
GENTLE COCTION,PRECIOUS STONES,0.0003575820431395455,[0]
GENTLE COCTION,PROUD TITLE,0.0003575820431395455,[0]
GENTLE COCTION,SAGE,0.0003575820431395455,[0]
GENTLE COCTION,SAGES,0.0003575820431395455,[0]
GENTLE COCTION,SMALL WORLD,0.0003575820431395455,[0]
GENTLE COCTION,SOLID BODIES,0.0003575820431395455,[0]
GENTLE COCTION,SPECIFIC FORM,0.0003575820431395455,[0]
GENTLE COCTION,SPIRIT LEAVENS,0.0003575820431395455,[0]
GENTLE COCTION,SPIRITS BODIES,0.0003575820431395455,[0]
GENTLE COCTION,STONE,0.0003575820431395455,[0]
GENTLE COCTION,SUBTLE MERCURY,0.0003575820431395455,[0]
GENTLE COCTION,SUCH VIRTUE,0.0003575820431395455,[0]
GENTLE COCTION,SUN,0.0003575820431395455,[0]
GENTLE COCTION,SUN MOON,0.0003575820431395455,[0]
GENTLE COCTION,TEMPERATE BATH,0.0003575820431395455,[0]
GENTLE COCTION,TRANSMUTE MERCURY,0.0003575820431395455,[0]
GENTLE COCTION,TYPICAL FORM,0.0003575820431395455,[0]
GENTLE COCTION,VOLATILE SUBSTANCE RISES,0.0003575820431395455,[0]
GENTLE COCTION,VOLATILE WATER,0.0003575820431395455,[0]
GENTLE COCTION,WATER ASCEND,0.0003575820431395455,[0]
GENTLE COCTION,WHOLE BODY,0.0003575820431395455,[0]
GENTLE COCTION,WHOLE EARTH,0.0003575820431395455,[0]
GENTLE COCTION,WHOLE LUMP,0.0003575820431395455,[0]
GENTLE COCTION,WHOLE POTENCY THEREOF,0.0003575820431395455,[0]
GENTLE COCTION,WHOLE WORLD,0.0003575820431395455,[0]
GENTLE COCTION,WIND BEARS,0.0003575820431395455,[0]
GENTLE HEAT,GOD,0.0003575820431395455,[0]
GENTLE HEAT,GOOD UNDERSTANDING,0.0003575820431395455,[0]
GENTLE HEAT,GREAT ARTIFICE,0.0003575820431395455,[0]
GENTLE HEAT,HEN HATCHES,0.0003575820431395455,[0]
GENTLE HEAT,HENCE,0.0003575820431395455,[0]
GENTLE HEAT,HENCE HERMES,0.0003575820431395455,[0]
GENTLE HEAT,HERMES,0.0003575820431395455,[0]
GENTLE HEAT,HERMES TRISMEGISTUS,0.0003575820431395455,[0]
GENTLE HEAT,HID FIRE,0.0003575820431395455,[0]
GENTLE HEAT,HUMAN BODY,0.0003575820431395455,[0]
GENTLE HEAT,IGNORANT READER,0.0003575820431395455,[0]
GENTLE HEAT,IMPARTS FOOD,0.0003575820431395455,[0]
GENTLE HEAT,INTERNAL ACTION,0.0003575820431395455,[0]
GENTLE HEAT,ITSELF,0.0003575820431395455,[0]
GENTLE HEAT,MATERNAL WOMB,0.0003575820431395455,[0]
GENTLE HEAT,MATTER,0.0003575820431395455,[0]
GENTLE HEAT,MERCURY,0.0003575820431395455,[0]
GENTLE HEAT,MOON,0.0003575820431395455,[0]
GENTLE HEAT,MYSTIC LANGUAGE,0.0003575820431395455,[0]
GENTLE HEAT,NATURAL HEAT,0.0003575820431395455,[0]
GENTLE HEAT,NATURE,0.0003575820431395455,[0]
GENTLE HEAT,NEW BODY,0.0003575820431395455,[0]
GENTLE HEAT,NEW FOETUS,0.0003575820431395455,[0]
GENTLE HEAT,NUTRITIVE PRINCIPLE,0.0003575820431395455,[0]
GENTLE HEAT,OWN FOOLISH NOTIONS,0.0003575820431395455,[0]
GENTLE HEAT,OWN IGNORANCE,0.0003575820431395455,[0]
GENTLE HEAT,OWN SUBSTANCE,0.0003575820431395455,[0]
GENTLE HEAT,OWN VIRTUE,0.0003575820431395455,[0]
GENTLE HEAT,PHILOSOPHERS,0.0003575820431395455,[0]
GENTLE HEAT,PRECIOUS COMFORT,0.0003575820431395455,[0]
GENTLE HEAT,PRECIOUS STONES,0.0003575820431395455,[0]
GENTLE HEAT,PROUD TITLE,0.0003575820431395455,[0]
GENTLE HEAT,SAGE,0.0003575820431395455,[0]
GENTLE HEAT,SAGES,0.0003575820431395455,[0]
GENTLE HEAT,SMALL WORLD,0.0003575820431395455,[0]
GENTLE HEAT,SOLID BODIES,0.0003575820431395455,[0]
GENTLE HEAT,SPECIFIC FORM,0.0003575820431395455,[0]
GENTLE HEAT,SPIRIT LEAVENS,0.0003575820431395455,[0]
GENTLE HEAT,SPIRITS BODIES,0.0003575820431395455,[0]
GENTLE HEAT,STONE,0.0003575820431395455,[0]
GENTLE HEAT,SUBTLE MERCURY,0.0003575820431395455,[0]
GENTLE HEAT,SUCH VIRTUE,0.0003575820431395455,[0]
GENTLE HEAT,SUN,0.0003575820431395455,[0]
GENTLE HEAT,SUN MOON,0.0003575820431395455,[0]
GENTLE HEAT,TEMPERATE BATH,0.0003575820431395455,[0]
GENTLE HEAT,TRANSMUTE MERCURY,0.0003575820431395455,[0]
GENTLE HEAT,TYPICAL FORM,0.0003575820431395455,[0]
GENTLE HEAT,VOLATILE SUBSTANCE RISES,0.0003575820431395455,[0]
GENTLE HEAT,VOLATILE WATER,0.0003575820431395455,[0]
GENTLE HEAT,WATER ASCEND,0.0003575820431395455,[0]
GENTLE HEAT,WHOLE BODY,0.0003575820431395455,[0]
GENTLE HEAT,WHOLE EARTH,0.0003575820431395455,[0]
GENTLE HEAT,WHOLE LUMP,0.0003575820431395455,[0]
GENTLE HEAT,WHOLE POTENCY THEREOF,0.0003575820431395455,[0]
GENTLE HEAT,WHOLE WORLD,0.0003575820431395455,[0]
GENTLE HEAT,WIND BEARS,0.0003575820431395455,[0]
GOD,GOOD UNDERSTANDING,0.0003575820431395455,[0]
GOD,GREAT ARTIFICE,0.0003575820431395455,[0]
GOD,HEN HATCHES,0.0003575820431395455,[0]
GOD,HENCE,0.0003575820431395455,[0]
GOD,HENCE HERMES,0.0003575820431395455,[0]
GOD,HERMES,0.0003575820431395455,[0]
GOD,HERMES TRISMEGISTUS,0.0003575820431395455,[0]
GOD,HID FIRE,0.0003575820431395455,[0]
GOD,HUMAN BODY,0.0003575820431395455,[0]
GOD,IGNORANT READER,0.0003575820431395455,[0]
GOD,IMPARTS FOOD,0.0003575820431395455,[0]
GOD,INTERNAL ACTION,0.0003575820431395455,[0]
GOD,ITSELF,0.0003575820431395455,[0]
GOD,MATERNAL WOMB,0.0003575820431395455,[0]
GOD,MATTER,0.0003575820431395455,[0]
GOD,MERCURY,0.0003575820431395455,[0]
GOD,MOON,0.0003575820431395455,[0]
GOD,MYSTIC LANGUAGE,0.0003575820431395455,[0]
GOD,NATURAL HEAT,0.0003575820431395455,[0]
GOD,NATURE,0.0003575820431395455,[0]
GOD,NEW BODY,0.0003575820431395455,[0]
GOD,NEW FOETUS,0.0003575820431395455,[0]
GOD,NUTRITIVE PRINCIPLE,0.0003575820431395455,[0]
GOD,OWN FOOLISH NOTIONS,0.0003575820431395455,[0]
GOD,OWN IGNORANCE,0.0003575820431395455,[0]
GOD,OWN SUBSTANCE,0.0003575820431395455,[0]
GOD,OWN VIRTUE,0.0003575820431395455,[0]
GOD,PHILOSOPHERS,0.0003575820431395455,[0]
GOD,PRECIOUS COMFORT,0.0003575820431395455,[0]
GOD,PRECIOUS STONES,0.0003575820431395455,[0]
GOD,PROUD TITLE,0.0003575820431395455,[0]
GOD,SAGE,0.0003575820431395455,[0]
GOD,SAGES,0.0003575820431395455,[0]
GOD,SMALL WORLD,0.0003575820431395455,[0]
GOD,SOLID BODIES,0.0003575820431395455,[0]
GOD,SPECIFIC FORM,0.0003575820431395455,[0]
GOD,SPIRIT LEAVENS,0.0003575820431395455,[0]
GOD,SPIRITS BODIES,0.0003575820431395455,[0]
GOD,STONE,0.0003575820431395455,[0]
GOD,SUBTLE MERCURY,0.0003575820431395455,[0]
GOD,SUCH VIRTUE,0.0003575820431395455,[0]
GOD,SUN,0.0003575820431395455,[0]
GOD,SUN MOON,0.0003575820431395455,[0]
GOD,TEMPERATE BATH,0.0003575820431395455,[0]
GOD,TRANSMUTE MERCURY,0.0003575820431395455,[0]
GOD,TYPICAL FORM,0.0003575820431395455,[0]
GOD,VOLATILE SUBSTANCE RISES,0.0003575820431395455,[0]
GOD,VOLATILE WATER,0.0003575820431395455,[0]
GOD,WATER ASCEND,0.0003575820431395455,[0]
GOD,WHOLE BODY,0.0003575820431395455,[0]
GOD,WHOLE EARTH,0.0003575820431395455,[0]
GOD,WHOLE LUMP,0.0003575820431395455,[0]
GOD,WHOLE POTENCY THEREOF,0.0003575820431395455,[0]
GOD,WHOLE WORLD,0.0003575820431395455,[0]
GOD,WIND BEARS,0.0003575820431395455,[0]
GOOD UNDERSTANDING,GREAT ARTIFICE,0.0003575820431395455,[0]
GOOD UNDERSTANDING,HEN HATCHES,0.0003575820431395455,[0]
GOOD UNDERSTANDING,HENCE,0.0003575820431395455,[0]
GOOD UNDERSTANDING,HENCE HERMES,0.0003575820431395455,[0]
GOOD UNDERSTANDING,HERMES,0.0003575820431395455,[0]
GOOD UNDERSTANDING,HERMES TRISMEGISTUS,0.0003575820431395455,[0]
GOOD UNDERSTANDING,HID FIRE,0.0003575820431395455,[0]
GOOD UNDERSTANDING,HUMAN BODY,0.0003575820431395455,[0]
GOOD UNDERSTANDING,IGNORANT READER,0.0003575820431395455,[0]
GOOD UNDERSTANDING,IMPARTS FOOD,0.0003575820431395455,[0]
GOOD UNDERSTANDING,INTERNAL ACTION,0.0003575820431395455,[0]
GOOD UNDERSTANDING,ITSELF,0.0003575820431395455,[0]
GOOD UNDERSTANDING,MATERNAL WOMB,0.0003575820431395455,[0]
GOOD UNDERSTANDING,MATTER,0.0003575820431395455,[0]
GOOD UNDERSTANDING,MERCURY,0.0003575820431395455,[0]
GOOD UNDERSTANDING,MOON,0.0003575820431395455,[0]
GOOD UNDERSTANDING,MYSTIC LANGUAGE,0.0003575820431395455,[0]
GOOD UNDERSTANDING,NATURAL HEAT,0.0003575820431395455,[0]
GOOD UNDERSTANDING,NATURE,0.0003575820431395455,[0]
GOOD UNDERSTANDING,NEW BODY,0.0003575820431395455,[0]
GOOD UNDERSTANDING,NEW FOETUS,0.0003575820431395455,[0]
GOOD UNDERSTANDING,NUTRITIVE PRINCIPLE,0.0003575820431395455,[0]
GOOD UNDERSTANDING,OWN FOOLISH NOTIONS,0.0003575820431395455,[0]
GOOD UNDERSTANDING,OWN IGNORANCE,0.0003575820431395455,[0]
GOOD UNDERSTANDING,OWN SUBSTANCE,0.0003575820431395455,[0]
GOOD UNDERSTANDING,OWN VIRTUE,0.0003575820431395455,[0]
GOOD UNDERSTANDING,PHILOSOPHERS,0.0003575820431395455,[0]
GOOD UNDERSTANDING,PRECIOUS COMFORT,0.0003575820431395455,[0]
GOOD UNDERSTANDING,PRECIOUS STONES,0.0003575820431395455,[0]
GOOD UNDERSTANDING,PROUD TITLE,0.0003575820431395455,[0]
GOOD UNDERSTANDING,SAGE,0.0003575820431395455,[0]
GOOD UNDERSTANDING,SAGES,0.0003575820431395455,[0]
GOOD UNDERSTANDING,SMALL WORLD,0.0003575820431395455,[0]
GOOD UNDERSTANDING,SOLID BODIES,0.0003575820431395455,[0]
GOOD UNDERSTANDING,SPECIFIC FORM,0.0003575820431395455,[0]
GOOD UNDERSTANDING,SPIRIT LEAVENS,0.0003575820431395455,[0]
GOOD UNDERSTANDING,SPIRITS BODIES,0.0003575820431395455,[0]
GOOD UNDERSTANDING,STONE,0.0003575820431395455,[0]
GOOD UNDERSTANDING,SUBTLE MERCURY,0.0003575820431395455,[0]
GOOD UNDERSTANDING,SUCH VIRTUE,0.0003575820431395455,[0]
GOOD UNDERSTANDING,SUN,0.0003575820431395455,[0]
GOOD UNDERSTANDING,SUN MOON,0.0003575820431395455,[0]
GOOD UNDERSTANDING,TEMPERATE BATH,0.0003575820431395455,[0]
GOOD UNDERSTANDING,TRANSMUTE MERCURY,0.0003575820431395455,[0]
GOOD UNDERSTANDING,TYPICAL FORM,0.0003575820431395455,[0]
GOOD UNDERSTANDING,VOLATILE SUBSTANCE RISES,0.0003575820431395455,[0]
GOOD UNDERSTANDING,VOLATILE WATER,0.0003575820431395455,[0]
GOOD UNDERSTANDING,WATER ASCEND,0.0003575820431395455,[0]
GOOD UNDERSTANDING,WHOLE BODY,0.0003575820431395455,[0]
GOOD UNDERSTANDING,WHOLE EARTH,0.0003575820431395455,[0]
GOOD UNDERSTANDING,WHOLE LUMP,0.0003575820431395455,[0]
GOOD UNDERSTANDING,WHOLE POTENCY THEREOF,0.0003575820431395455,[0]
GOOD UNDERSTANDING,WHOLE WORLD,0.0003575820431395455,[0]
GOOD UNDERSTANDING,WIND BEARS,0.0003575820431395455,[0]
GREAT ARTIFICE,HEN HATCHES,0.0003575820431395455,[0]
GREAT ARTIFICE,HENCE,0.0003575820431395455,[0]
GREAT ARTIFICE,HENCE HERMES,0.0003575820431395455,[0]
GREAT ARTIFICE,HERMES,0.0003575820431395455,[0]
GREAT ARTIFICE,HERMES TRISMEGISTUS,0.0003575820431395455,[0]
GREAT ARTIFICE,HID FIRE,0.0003575820431395455,[0]
GREAT ARTIFICE,HUMAN BODY,0.0003575820431395455,[0]
GREAT ARTIFICE,IGNORANT READER,0.0003575820431395455,[0]
GREAT ARTIFICE,IMPARTS FOOD,0.0003575820431395455,[0]
GREAT ARTIFICE,INTERNAL ACTION,0.0003575820431395455,[0]
GREAT ARTIFICE,ITSELF,0.0003575820431395455,[0]
GREAT ARTIFICE,MATERNAL WOMB,0.0003575820431395455,[0]
GREAT ARTIFICE,MATTER,0.0003575820431395455,[0]
GREAT ARTIFICE,MERCURY,0.0003575820431395455,[0]
GREAT ARTIFICE,MOON,0.0003575820431395455,[0]
GREAT ARTIFICE,MYSTIC LANGUAGE,0.0003575820431395455,[0]
GREAT ARTIFICE,NATURAL HEAT,0.0003575820431395455,[0]
GREAT ARTIFICE,NATURE,0.0003575820431395455,[0]
GREAT ARTIFICE,NEW BODY,0.0003575820431395455,[0]
GREAT ARTIFICE,NEW FOETUS,0.0003575820431395455,[0]
GREAT ARTIFICE,NUTRITIVE PRINCIPLE,0.0003575820431395455,[0]
GREAT ARTIFICE,OWN FOOLISH NOTIONS,0.0003575820431395455,[0]
GREAT ARTIFICE,OWN IGNORANCE,0.0003575820431395455,[0]
GREAT ARTIFICE,OWN SUBSTANCE,0.0003575820431395455,[0]
GREAT ARTIFICE,OWN VIRTUE,0.0003575820431395455,[0]
GREAT ARTIFICE,PHILOSOPHERS,0.0003575820431395455,[0]
GREAT ARTIFICE,PRECIOUS COMFORT,0.0003575820431395455,[0]
GREAT ARTIFICE,PRECIOUS STONES,0.0003575820431395455,[0]
GREAT ARTIFICE,PROUD TITLE,0.0003575820431395455,[0]
GREAT ARTIFICE,SAGE,0.0003575820431395455,[0]
GREAT ARTIFICE,SAGES,0.0003575820431395455,[0]
GREAT ARTIFICE,SMALL WORLD,0.0003575820431395455,[0]
GREAT ARTIFICE,SOLID BODIES,0.0003575820431395455,[0]
GREAT ARTIFICE,SPECIFIC FORM,0.0003575820431395455,[0]
GREAT ARTIFICE,SPIRIT LEAVENS,0.0003575820431395455,[0]
GREAT ARTIFICE,SPIRITS BODIES,0.0003575820431395455,[0]
GREAT ARTIFICE,STONE,0.0003575820431395455,[0]
GREAT ARTIFICE,SUBTLE MERCURY,0.0003575820431395455,[0]
GREAT ARTIFICE,SUCH VIRTUE,0.0003575820431395455,[0]
GREAT ARTIFICE,SUN,0.0003575820431395455,[0]
GREAT ARTIFICE,SUN MOON,0.0003575820431395455,[0]
GREAT ARTIFICE,TEMPERATE BATH,0.0003575820431395455,[0]
GREAT ARTIFICE,TRANSMUTE MERCURY,0.0003575820431395455,[0]
GREAT ARTIFICE,TYPICAL FORM,0.0003575820431395455,[0]
GREAT ARTIFICE,VOLATILE SUBSTANCE RISES,0.0003575820431395455,[0]
GREAT ARTIFICE,VOLATILE WATER,0.0003575820431395455,[0]
GREAT ARTIFICE,WATER ASCEND,0.0003575820431395455,[0]
GREAT ARTIFICE,WHOLE BODY,0.0003575820431395455,[0]
GREAT ARTIFICE,WHOLE EARTH,0.0003575820431395455,[0]
GREAT ARTIFICE,WHOLE LUMP,0.0003575820431395455,[0]
GREAT ARTIFICE,WHOLE POTENCY THEREOF,0.0003575820431395455,[0]
GREAT ARTIFICE,WHOLE WORLD,0.0003575820431395455,[0]
GREAT ARTIFICE,WIND BEARS,0.0003575820431395455,[0]
HEN HATCHES,HENCE,0.0003575820431395455,[0]
HEN HATCHES,HENCE HERMES,0.0003575820431395455,[0]
HEN HATCHES,HERMES,0.0003575820431395455,[0]
HEN HATCHES,HERMES TRISMEGISTUS,0.0003575820431395455,[0]
HEN HATCHES,HID FIRE,0.0003575820431395455,[0]
HEN HATCHES,HUMAN BODY,0.0003575820431395455,[0]
HEN HATCHES,IGNORANT READER,0.0003575820431395455,[0]
HEN HATCHES,IMPARTS FOOD,0.0003575820431395455,[0]
HEN HATCHES,INTERNAL ACTION,0.0003575820431395455,[0]
HEN HATCHES,ITSELF,0.0003575820431395455,[0]
HEN HATCHES,MATERNAL WOMB,0.0003575820431395455,[0]
HEN HATCHES,MATTER,0.0003575820431395455,[0]
HEN HATCHES,MERCURY,0.0003575820431395455,[0]
HEN HATCHES,MOON,0.0003575820431395455,[0]
HEN HATCHES,MYSTIC LANGUAGE,0.0003575820431395455,[0]
HEN HATCHES,NATURAL HEAT,0.0003575820431395455,[0]
HEN HATCHES,NATURE,0.0003575820431395455,[0]
HEN HATCHES,NEW BODY,0.0003575820431395455,[0]
HEN HATCHES,NEW FOETUS,0.0003575820431395455,[0]
HEN HATCHES,NUTRITIVE PRINCIPLE,0.0003575820431395455,[0]
HEN HATCHES,OWN FOOLISH NOTIONS,0.0003575820431395455,[0]
HEN HATCHES,OWN IGNORANCE,0.0003575820431395455,[0]
HEN HATCHES,OWN SUBSTANCE,0.0003575820431395455,[0]
HEN HATCHES,OWN VIRTUE,0.0003575820431395455,[0]
HEN HATCHES,PHILOSOPHERS,0.0003575820431395455,[0]
HEN HATCHES,PRECIOUS COMFORT,0.0003575820431395455,[0]
HEN HATCHES,PRECIOUS STONES,0.0003575820431395455,[0]
HEN HATCHES,PROUD TITLE,0.0003575820431395455,[0]
HEN HATCHES,SAGE,0.0003575820431395455,[0]
HEN HATCHES,SAGES,0.0003575820431395455,[0]
HEN HATCHES,SMALL WORLD,0.0003575820431395455,[0]
HEN HATCHES,SOLID BODIES,0.0003575820431395455,[0]
HEN HATCHES,SPECIFIC FORM,0.0003575820431395455,[0]
HEN HATCHES,SPIRIT LEAVENS,0.0003575820431395455,[0]
HEN HATCHES,SPIRITS BODIES,0.0003575820431395455,[0]
HEN HATCHES,STONE,0.0003575820431395455,[0]
HEN HATCHES,SUBTLE MERCURY,0.0003575820431395455,[0]
HEN HATCHES,SUCH VIRTUE,0.0003575820431395455,[0]
HEN HATCHES,SUN,0.0003575820431395455,[0]
HEN HATCHES,SUN MOON,0.0003575820431395455,[0]
HEN HATCHES,TEMPERATE BATH,0.0003575820431395455,[0]
HEN HATCHES,TRANSMUTE MERCURY,0.0003575820431395455,[0]
HEN HATCHES,TYPICAL FORM,0.0003575820431395455,[0]
HEN HATCHES,VOLATILE SUBSTANCE RISES,0.0003575820431395455,[0]
HEN HATCHES,VOLATILE WATER,0.0003575820431395455,[0]
HEN HATCHES,WATER ASCEND,0.0003575820431395455,[0]
HEN HATCHES,WHOLE BODY,0.0003575820431395455,[0]
HEN HATCHES,WHOLE EARTH,0.0003575820431395455,[0]
HEN HATCHES,WHOLE LUMP,0.0003575820431395455,[0]
HEN HATCHES,WHOLE POTENCY THEREOF,0.0003575820431395455,[0]
HEN HATCHES,WHOLE WORLD,0.0003575820431395455,[0]
HEN HATCHES,WIND BEARS,0.0003575820431395455,[0]
HENCE,HENCE HERMES,0.0003575820431395455,[0]
HENCE,HERMES,0.0003575820431395455,[0]
HENCE,HERMES TRISMEGISTUS,0.0003575820431395455,[0]
HENCE,HID FIRE,0.0003575820431395455,[0]
HENCE,HUMAN BODY,0.0003575820431395455,[0]
HENCE,IGNORANT READER,0.0003575820431395455,[0]
HENCE,IMPARTS FOOD,0.0003575820431395455,[0]
HENCE,INTERNAL ACTION,0.0003575820431395455,[0]
HENCE,ITSELF,0.0003575820431395455,[0]
HENCE,MATERNAL WOMB,0.0003575820431395455,[0]
HENCE,MATTER,0.0003575820431395455,[0]
HENCE,MERCURY,0.0003575820431395455,[0]
HENCE,MOON,0.0003575820431395455,[0]
HENCE,MYSTIC LANGUAGE,0.0003575820431395455,[0]
HENCE,NATURAL HEAT,0.0003575820431395455,[0]
HENCE,NATURE,0.0003575820431395455,[0]
HENCE,NEW BODY,0.0003575820431395455,[0]
HENCE,NEW FOETUS,0.0003575820431395455,[0]
HENCE,NUTRITIVE PRINCIPLE,0.0003575820431395455,[0]
HENCE,OWN FOOLISH NOTIONS,0.0003575820431395455,[0]
HENCE,OWN IGNORANCE,0.0003575820431395455,[0]
HENCE,OWN SUBSTANCE,0.0003575820431395455,[0]
HENCE,OWN VIRTUE,0.0003575820431395455,[0]
HENCE,PHILOSOPHERS,0.0003575820431395455,[0]
HENCE,PRECIOUS COMFORT,0.0003575820431395455,[0]
HENCE,PRECIOUS STONES,0.0003575820431395455,[0]
HENCE,PROUD TITLE,0.0003575820431395455,[0]
HENCE,SAGE,0.0003575820431395455,[0]
HENCE,SAGES,0.0003575820431395455,[0]
HENCE,SMALL WORLD,0.0003575820431395455,[0]
HENCE,SOLID BODIES,0.0003575820431395455,[0]
HENCE,SPECIFIC FORM,0.0003575820431395455,[0]
HENCE,SPIRIT LEAVENS,0.0003575820431395455,[0]
HENCE,SPIRITS BODIES,0.0003575820431395455,[0]
HENCE,STONE,0.0003575820431395455,[0]
HENCE,SUBTLE MERCURY,0.0003575820431395455,[0]
HENCE,SUCH VIRTUE,0.0003575820431395455,[0]
HENCE,SUN,0.0003575820431395455,[0]
HENCE,SUN MOON,0.0003575820431395455,[0]
HENCE,TEMPERATE BATH,0.0003575820431395455,[0]
HENCE,TRANSMUTE MERCURY,0.0003575820431395455,[0]
HENCE,TYPICAL FORM,0.0003575820431395455,[0]
HENCE,VOLATILE SUBSTANCE RISES,0.0003575820431395455,[0]
HENCE,VOLATILE WATER,0.0003575820431395455,[0]
HENCE,WATER ASCEND,0.0003575820431395455,[0]
HENCE,WHOLE BODY,0.0003575820431395455,[0]
HENCE,WHOLE EARTH,0.0003575820431395455,[0]
HENCE,WHOLE LUMP,0.0003575820431395455,[0]
HENCE,WHOLE POTENCY THEREOF,0.0003575820431395455,[0]
HENCE,WHOLE WORLD,0.0003575820431395455,[0]
HENCE,WIND BEARS,0.0003575820431395455,[0]
HENCE HERMES,HERMES,0.0003575820431395455,[0]
HENCE HERMES,HERMES TRISMEGISTUS,0.0003575820431395455,[0]
HENCE HERMES,HID FIRE,0.0003575820431395455,[0]
HENCE HERMES,HUMAN BODY,0.0003575820431395455,[0]
HENCE HERMES,IGNORANT READER,0.0003575820431395455,[0]
HENCE HERMES,IMPARTS FOOD,0.0003575820431395455,[0]
HENCE HERMES,INTERNAL ACTION,0.0003575820431395455,[0]
HENCE HERMES,ITSELF,0.0003575820431395455,[0]
HENCE HERMES,MATERNAL WOMB,0.0003575820431395455,[0]
HENCE HERMES,MATTER,0.0003575820431395455,[0]
HENCE HERMES,MERCURY,0.0003575820431395455,[0]
HENCE HERMES,MOON,0.0003575820431395455,[0]
HENCE HERMES,MYSTIC LANGUAGE,0.0003575820431395455,[0]
HENCE HERMES,NATURAL HEAT,0.0003575820431395455,[0]
HENCE HERMES,NATURE,0.0003575820431395455,[0]
HENCE HERMES,NEW BODY,0.0003575820431395455,[0]
HENCE HERMES,NEW FOETUS,0.0003575820431395455,[0]
HENCE HERMES,NUTRITIVE PRINCIPLE,0.0003575820431395455,[0]
HENCE HERMES,OWN FOOLISH NOTIONS,0.0003575820431395455,[0]
HENCE HERMES,OWN IGNORANCE,0.0003575820431395455,[0]
HENCE HERMES,OWN SUBSTANCE,0.0003575820431395455,[0]
HENCE HERMES,OWN VIRTUE,0.0003575820431395455,[0]
HENCE HERMES,PHILOSOPHERS,0.0003575820431395455,[0]
HENCE HERMES,PRECIOUS COMFORT,0.0003575820431395455,[0]
HENCE HERMES,PRECIOUS STONES,0.0003575820431395455,[0]
HENCE HERMES,PROUD TITLE,0.0003575820431395455,[0]
HENCE HERMES,SAGE,0.0003575820431395455,[0]
HENCE HERMES,SAGES,0.0003575820431395455,[0]
HENCE HERMES,SMALL WORLD,0.0003575820431395455,[0]
HENCE HERMES,SOLID BODIES,0.0003575820431395455,[0]
HENCE HERMES,SPECIFIC FORM,0.0003575820431395455,[0]
HENCE HERMES,SPIRIT LEAVENS,0.0003575820431395455,[0]
HENCE HERMES,SPIRITS BODIES,0.0003575820431395455,[0]
HENCE HERMES,STONE,0.0003575820431395455,[0]
HENCE HERMES,SUBTLE MERCURY,0.0003575820431395455,[0]
HENCE HERMES,SUCH VIRTUE,0.0003575820431395455,[0]
HENCE HERMES,SUN,0.0003575820431395455,[0]
HENCE HERMES,SUN MOON,0.0003575820431395455,[0]
HENCE HERMES,TEMPERATE BATH,0.0003575820431395455,[0]
HENCE HERMES,TRANSMUTE MERCURY,0.0003575820431395455,[0]
HENCE HERMES,TYPICAL FORM,0.0003575820431395455,[0]
HENCE HERMES,VOLATILE SUBSTANCE RISES,0.0003575820431395455,[0]
HENCE HERMES,VOLATILE WATER,0.0003575820431395455,[0]
HENCE HERMES,WATER ASCEND,0.0003575820431395455,[0]
HENCE HERMES,WHOLE BODY,0.0003575820431395455,[0]
HENCE HERMES,WHOLE EARTH,0.0003575820431395455,[0]
HENCE HERMES,WHOLE LUMP,0.0003575820431395455,[0]
HENCE HERMES,WHOLE POTENCY THEREOF,0.0003575820431395455,[0]
HENCE HERMES,WHOLE WORLD,0.0003575820431395455,[0]
HENCE HERMES,WIND BEARS,0.0003575820431395455,[0]
HERMES,HERMES TRISMEGISTUS,0.0003575820431395455,[0]
HERMES,HID FIRE,0.0003575820431395455,[0]
HERMES,HUMAN BODY,0.0003575820431395455,[0]
HERMES,IGNORANT READER,0.0003575820431395455,[0]
HERMES,IMPARTS FOOD,0.0003575820431395455,[0]
HERMES,INTERNAL ACTION,0.0003575820431395455,[0]
HERMES,ITSELF,0.0003575820431395455,[0]
HERMES,MATERNAL WOMB,0.0003575820431395455,[0]
HERMES,MATTER,0.0003575820431395455,[0]
HERMES,MERCURY,0.0003575820431395455,[0]
HERMES,MOON,0.0003575820431395455,[0]
HERMES,MYSTIC LANGUAGE,0.0003575820431395455,[0]
HERMES,NATURAL HEAT,0.0003575820431395455,[0]
HERMES,NATURE,0.0003575820431395455,[0]
HERMES,NEW BODY,0.0003575820431395455,[0]
HERMES,NEW FOETUS,0.0003575820431395455,[0]
HERMES,NUTRITIVE PRINCIPLE,0.0003575820431395455,[0]
HERMES,OWN FOOLISH NOTIONS,0.0003575820431395455,[0]
HERMES,OWN IGNORANCE,0.0003575820431395455,[0]
HERMES,OWN SUBSTANCE,0.0003575820431395455,[0]
HERMES,OWN VIRTUE,0.0003575820431395455,[0]
HERMES,PHILOSOPHERS,0.0003575820431395455,[0]
HERMES,PRECIOUS COMFORT,0.0003575820431395455,[0]
HERMES,PRECIOUS STONES,0.0003575820431395455,[0]
HERMES,PROUD TITLE,0.0003575820431395455,[0]
HERMES,SAGE,0.0003575820431395455,[0]
HERMES,SAGES,0.0003575820431395455,[0]
HERMES,SMALL WORLD,0.0003575820431395455,[0]
HERMES,SOLID BODIES,0.0003575820431395455,[0]
HERMES,SPECIFIC FORM,0.0003575820431395455,[0]
HERMES,SPIRIT LEAVENS,0.0003575820431395455,[0]
HERMES,SPIRITS BODIES,0.0003575820431395455,[0]
HERMES,STONE,0.0003575820431395455,[0]
HERMES,SUBTLE MERCURY,0.0003575820431395455,[0]
HERMES,SUCH VIRTUE,0.0003575820431395455,[0]
HERMES,SUN,0.0003575820431395455,[0]
HERMES,SUN MOON,0.0003575820431395455,[0]
HERMES,TEMPERATE BATH,0.0003575820431395455,[0]
HERMES,TRANSMUTE MERCURY,0.0003575820431395455,[0]
HERMES,TYPICAL FORM,0.0003575820431395455,[0]
HERMES,VOLATILE SUBSTANCE RISES,0.0003575820431395455,[0]
HERMES,VOLATILE WATER,0.0003575820431395455,[0]
HERMES,WATER ASCEND,0.0003575820431395455,[0]
HERMES,WHOLE BODY,0.0003575820431395455,[0]
HERMES,WHOLE EARTH,0.0003575820431395455,[0]
HERMES,WHOLE LUMP,0.0003575820431395455,[0]
HERMES,WHOLE POTENCY THEREOF,0.0003575820431395455,[0]
HERMES,WHOLE WORLD,0.0003575820431395455,[0]
HERMES,WIND BEARS,0.0003575820431395455,[0]
HERMES TRISMEGISTUS,HID FIRE,0.0003575820431395455,[0]
HERMES TRISMEGISTUS,HUMAN BODY,0.0003575820431395455,[0]
HERMES TRISMEGISTUS,IGNORANT READER,0.0003575820431395455,[0]
HERMES TRISMEGISTUS,IMPARTS FOOD,0.0003575820431395455,[0]
HERMES TRISMEGISTUS,INTERNAL ACTION,0.0003575820431395455,[0]
HERMES TRISMEGISTUS,ITSELF,0.0003575820431395455,[0]
HERMES TRISMEGISTUS,MATERNAL WOMB,0.0003575820431395455,[0]
HERMES TRISMEGISTUS,MATTER,0.0003575820431395455,[0]
HERMES TRISMEGISTUS,MERCURY,0.0003575820431395455,[0]
HERMES TRISMEGISTUS,MOON,0.0003575820431395455,[0]
HERMES TRISMEGISTUS,MYSTIC LANGUAGE,0.0003575820431395455,[0]
HERMES TRISMEGISTUS,NATURAL HEAT,0.0003575820431395455,[0]
HERMES TRISMEGISTUS,NATURE,0.0003575820431395455,[0]
HERMES TRISMEGISTUS,NEW BODY,0.0003575820431395455,[0]
HERMES TRISMEGISTUS,NEW FOETUS,0.0003575820431395455,[0]
HERMES TRISMEGISTUS,NUTRITIVE PRINCIPLE,0.0003575820431395455,[0]
HERMES TRISMEGISTUS,OWN FOOLISH NOTIONS,0.0003575820431395455,[0]
HERMES TRISMEGISTUS,OWN IGNORANCE,0.0003575820431395455,[0]
HERMES TRISMEGISTUS,OWN SUBSTANCE,0.0003575820431395455,[0]
HERMES TRISMEGISTUS,OWN VIRTUE,0.0003575820431395455,[0]
HERMES TRISMEGISTUS,PHILOSOPHERS,0.0003575820431395455,[0]
HERMES TRISMEGISTUS,PRECIOUS COMFORT,0.0003575820431395455,[0]
HERMES TRISMEGISTUS,PRECIOUS STONES,0.0003575820431395455,[0]
HERMES TRISMEGISTUS,PROUD TITLE,0.0003575820431395455,[0]
HERMES TRISMEGISTUS,SAGE,0.0003575820431395455,[0]
HERMES TRISMEGISTUS,SAGES,0.0003575820431395455,[0]
HERMES TRISMEGISTUS,SMALL WORLD,0.0003575820431395455,[0]
HERMES TRISMEGISTUS,SOLID BODIES,0.0003575820431395455,[0]
HERMES TRISMEGISTUS,SPECIFIC FORM,0.0003575820431395455,[0]
HERMES TRISMEGISTUS,SPIRIT LEAVENS,0.0003575820431395455,[0]
HERMES TRISMEGISTUS,SPIRITS BODIES,0.0003575820431395455,[0]
HERMES TRISMEGISTUS,STONE,0.0003575820431395455,[0]
HERMES TRISMEGISTUS,SUBTLE MERCURY,0.0003575820431395455,[0]
HERMES TRISMEGISTUS,SUCH VIRTUE,0.0003575820431395455,[0]
HERMES TRISMEGISTUS,SUN,0.0003575820431395455,[0]
HERMES TRISMEGISTUS,SUN MOON,0.0003575820431395455,[0]
HERMES TRISMEGISTUS,TEMPERATE BATH,0.0003575820431395455,[0]
HERMES TRISMEGISTUS,TRANSMUTE MERCURY,0.0003575820431395455,[0]
HERMES TRISMEGISTUS,TYPICAL FORM,0.0003575820431395455,[0]
HERMES TRISMEGISTUS,VOLATILE SUBSTANCE RISES,0.0003575820431395455,[0]
HERMES TRISMEGISTUS,VOLATILE WATER,0.0003575820431395455,[0]
HERMES TRISMEGISTUS,WATER ASCEND,0.0003575820431395455,[0]
HERMES TRISMEGISTUS,WHOLE BODY,0.0003575820431395455,[0]
HERMES TRISMEGISTUS,WHOLE EARTH,0.0003575820431395455,[0]
HERMES TRISMEGISTUS,WHOLE LUMP,0.0003575820431395455,[0]
HERMES TRISMEGISTUS,WHOLE POTENCY THEREOF,0.0003575820431395455,[0]
HERMES TRISMEGISTUS,WHOLE WORLD,0.0003575820431395455,[0]
HERMES TRISMEGISTUS,WIND BEARS,0.0003575820431395455,[0]
HID FIRE,HUMAN BODY,0.0003575820431395455,[0]
HID FIRE,IGNORANT READER,0.0003575820431395455,[0]
HID FIRE,IMPARTS FOOD,0.0003575820431395455,[0]
HID FIRE,INTERNAL ACTION,0.0003575820431395455,[0]
HID FIRE,ITSELF,0.0003575820431395455,[0]
HID FIRE,MATERNAL WOMB,0.0003575820431395455,[0]
HID FIRE,MATTER,0.0003575820431395455,[0]
HID FIRE,MERCURY,0.0003575820431395455,[0]
HID FIRE,MOON,0.0003575820431395455,[0]
HID FIRE,MYSTIC LANGUAGE,0.0003575820431395455,[0]
HID FIRE,NATURAL HEAT,0.0003575820431395455,[0]
HID FIRE,NATURE,0.0003575820431395455,[0]
HID FIRE,NEW BODY,0.0003575820431395455,[0]
HID FIRE,NEW FOETUS,0.0003575820431395455,[0]
HID FIRE,NUTRITIVE PRINCIPLE,0.0003575820431395455,[0]
HID FIRE,OWN FOOLISH NOTIONS,0.0003575820431395455,[0]
HID FIRE,OWN IGNORANCE,0.0003575820431395455,[0]
HID FIRE,OWN SUBSTANCE,0.0003575820431395455,[0]
HID FIRE,OWN VIRTUE,0.0003575820431395455,[0]
HID FIRE,PHILOSOPHERS,0.0003575820431395455,[0]
HID FIRE,PRECIOUS COMFORT,0.0003575820431395455,[0]
HID FIRE,PRECIOUS STONES,0.0003575820431395455,[0]
HID FIRE,PROUD TITLE,0.0003575820431395455,[0]
HID FIRE,SAGE,0.0003575820431395455,[0]
HID FIRE,SAGES,0.0003575820431395455,[0]
HID FIRE,SMALL WORLD,0.0003575820431395455,[0]
HID FIRE,SOLID BODIES,0.0003575820431395455,[0]
HID FIRE,SPECIFIC FORM,0.0003575820431395455,[0]
HID FIRE,SPIRIT LEAVENS,0.0003575820431395455,[0]
HID FIRE,SPIRITS BODIES,0.0003575820431395455,[0]
HID FIRE,STONE,0.0003575820431395455,[0]
HID FIRE,SUBTLE MERCURY,0.0003575820431395455,[0]
HID FIRE,SUCH VIRTUE,0.0003575820431395455,[0]
HID FIRE,SUN,0.0003575820431395455,[0]
HID FIRE,SUN MOON,0.0003575820431395455,[0]
HID FIRE,TEMPERATE BATH,0.0003575820431395455,[0]
HID FIRE,TRANSMUTE MERCURY,0.0003575820431395455,[0]
HID FIRE,TYPICAL FORM,0.0003575820431395455,[0]
HID FIRE,VOLATILE SUBSTANCE RISES,0.0003575820431395455,[0]
HID FIRE,VOLATILE WATER,0.0003575820431395455,[0]
HID FIRE,WATER ASCEND,0.0003575820431395455,[0]
HID FIRE,WHOLE BODY,0.0003575820431395455,[0]
HID FIRE,WHOLE EARTH,0.0003575820431395455,[0]
HID FIRE,WHOLE LUMP,0.0003575820431395455,[0]
HID FIRE,WHOLE POTENCY THEREOF,0.0003575820431395455,[0]
HID FIRE,WHOLE WORLD,0.0003575820431395455,[0]
HID FIRE,WIND BEARS,0.0003575820431395455,[0]
HUMAN BODY,IGNORANT READER,0.0003575820431395455,[0]
HUMAN BODY,IMPARTS FOOD,0.0003575820431395455,[0]
HUMAN BODY,INTERNAL ACTION,0.0003575820431395455,[0]
HUMAN BODY,ITSELF,0.0003575820431395455,[0]
HUMAN BODY,MATERNAL WOMB,0.0003575820431395455,[0]
HUMAN BODY,MATTER,0.0003575820431395455,[0]
HUMAN BODY,MERCURY,0.0003575820431395455,[0]
HUMAN BODY,MOON,0.0003575820431395455,[0]
HUMAN BODY,MYSTIC LANGUAGE,0.0003575820431395455,[0]
HUMAN BODY,NATURAL HEAT,0.0003575820431395455,[0]
HUMAN BODY,NATURE,0.0003575820431395455,[0]
HUMAN BODY,NEW BODY,0.0003575820431395455,[0]
HUMAN BODY,NEW FOETUS,0.0003575820431395455,[0]
HUMAN BODY,NUTRITIVE PRINCIPLE,0.0003575820431395455,[0]
HUMAN BODY,OWN FOOLISH NOTIONS,0.0003575820431395455,[0]
HUMAN BODY,OWN IGNORANCE,0.0003575820431395455,[0]
HUMAN BODY,OWN SUBSTANCE,0.0003575820431395455,[0]
HUMAN BODY,OWN VIRTUE,0.0003575820431395455,[0]
HUMAN BODY,PHILOSOPHERS,0.0003575820431395455,[0]
HUMAN BODY,PRECIOUS COMFORT,0.0003575820431395455,[0]
HUMAN BODY,PRECIOUS STONES,0.0003575820431395455,[0]
HUMAN BODY,PROUD TITLE,0.0003575820431395455,[0]
HUMAN BODY,SAGE,0.0003575820431395455,[0]
HUMAN BODY,SAGES,0.0003575820431395455,[0]
HUMAN BODY,SMALL WORLD,0.0003575820431395455,[0]
HUMAN BODY,SOLID BODIES,0.0003575820431395455,[0]
HUMAN BODY,SPECIFIC FORM,0.0003575820431395455,[0]
HUMAN BODY,SPIRIT LEAVENS,0.0003575820431395455,[0]
HUMAN BODY,SPIRITS BODIES,0.0003575820431395455,[0]
HUMAN BODY,STONE,0.0003575820431395455,[0]
HUMAN BODY,SUBTLE MERCURY,0.0003575820431395455,[0]
HUMAN BODY,SUCH VIRTUE,0.0003575820431395455,[0]
HUMAN BODY,SUN,0.0003575820431395455,[0]
HUMAN BODY,SUN MOON,0.0003575820431395455,[0]
HUMAN BODY,TEMPERATE BATH,0.0003575820431395455,[0]
HUMAN BODY,TRANSMUTE MERCURY,0.0003575820431395455,[0]
HUMAN BODY,TYPICAL FORM,0.0003575820431395455,[0]
HUMAN BODY,VOLATILE SUBSTANCE RISES,0.0003575820431395455,[0]
HUMAN BODY,VOLATILE WATER,0.0003575820431395455,[0]
HUMAN BODY,WATER ASCEND,0.0003575820431395455,[0]
HUMAN BODY,WHOLE BODY,0.0003575820431395455,[0]
HUMAN BODY,WHOLE EARTH,0.0003575820431395455,[0]
HUMAN BODY,WHOLE LUMP,0.0003575820431395455,[0]
HUMAN BODY,WHOLE POTENCY THEREOF,0.0003575820431395455,[0]
HUMAN BODY,WHOLE WORLD,0.0003575820431395455,[0]
HUMAN BODY,WIND BEARS,0.0003575820431395455,[0]
IGNORANT READER,IMPARTS FOOD,0.0003575820431395455,[0]
IGNORANT READER,INTERNAL ACTION,0.0003575820431395455,[0]
IGNORANT READER,ITSELF,0.0003575820431395455,[0]
IGNORANT READER,MATERNAL WOMB,0.0003575820431395455,[0]
IGNORANT READER,MATTER,0.0003575820431395455,[0]
IGNORANT READER,MERCURY,0.0003575820431395455,[0]
IGNORANT READER,MOON,0.0003575820431395455,[0]
IGNORANT READER,MYSTIC LANGUAGE,0.0003575820431395455,[0]
IGNORANT READER,NATURAL HEAT,0.0003575820431395455,[0]
IGNORANT READER,NATURE,0.0003575820431395455,[0]
IGNORANT READER,NEW BODY,0.0003575820431395455,[0]
IGNORANT READER,NEW FOETUS,0.0003575820431395455,[0]
IGNORANT READER,NUTRITIVE PRINCIPLE,0.0003575820431395455,[0]
IGNORANT READER,OWN FOOLISH NOTIONS,0.0003575820431395455,[0]
IGNORANT READER,OWN IGNORANCE,0.0003575820431395455,[0]
IGNORANT READER,OWN SUBSTANCE,0.0003575820431395455,[0]
IGNORANT READER,OWN VIRTUE,0.0003575820431395455,[0]
IGNORANT READER,PHILOSOPHERS,0.0003575820431395455,[0]
IGNORANT READER,PRECIOUS COMFORT,0.0003575820431395455,[0]
IGNORANT READER,PRECIOUS STONES,0.0003575820431395455,[0]
IGNORANT READER,PROUD TITLE,0.0003575820431395455,[0]
IGNORANT READER,SAGE,0.0003575820431395455,[0]
IGNORANT READER,SAGES,0.0003575820431395455,[0]
IGNORANT READER,SMALL WORLD,0.0003575820431395455,[0]
IGNORANT READER,SOLID BODIES,0.0003575820431395455,[0]
IGNORANT READER,SPECIFIC FORM,0.0003575820431395455,[0]
IGNORANT READER,SPIRIT LEAVENS,0.0003575820431395455,[0]
IGNORANT READER,SPIRITS BODIES,0.0003575820431395455,[0]
IGNORANT READER,STONE,0.0003575820431395455,[0]
IGNORANT READER,SUBTLE MERCURY,0.0003575820431395455,[0]
IGNORANT READER,SUCH VIRTUE,0.0003575820431395455,[0]
IGNORANT READER,SUN,0.0003575820431395455,[0]
IGNORANT READER,SUN MOON,0.0003575820431395455,[0]
IGNORANT READER,TEMPERATE BATH,0.0003575820431395455,[0]
IGNORANT READER,TRANSMUTE MERCURY,0.0003575820431395455,[0]
IGNORANT READER,TYPICAL FORM,0.0003575820431395455,[0]
IGNORANT READER,VOLATILE SUBSTANCE RISES,0.0003575820431395455,[0]
IGNORANT READER,VOLATILE WATER,0.0003575820431395455,[0]
IGNORANT READER,WATER ASCEND,0.0003575820431395455,[0]
IGNORANT READER,WHOLE BODY,0.0003575820431395455,[0]
IGNORANT READER,WHOLE EARTH,0.0003575820431395455,[0]
IGNORANT READER,WHOLE LUMP,0.0003575820431395455,[0]
IGNORANT READER,WHOLE POTENCY THEREOF,0.0003575820431395455,[0]
IGNORANT READER,WHOLE WORLD,0.0003575820431395455,[0]
IGNORANT READER,WIND BEARS,0.0003575820431395455,[0]
IMPARTS FOOD,INTERNAL ACTION,0.0003575820431395455,[0]
IMPARTS FOOD,ITSELF,0.0003575820431395455,[0]
IMPARTS FOOD,MATERNAL WOMB,0.0003575820431395455,[0]
IMPARTS FOOD,MATTER,0.0003575820431395455,[0]
IMPARTS FOOD,MERCURY,0.0003575820431395455,[0]
IMPARTS FOOD,MOON,0.0003575820431395455,[0]
IMPARTS FOOD,MYSTIC LANGUAGE,0.0003575820431395455,[0]
IMPARTS FOOD,NATURAL HEAT,0.0003575820431395455,[0]
IMPARTS FOOD,NATURE,0.0003575820431395455,[0]
IMPARTS FOOD,NEW BODY,0.0003575820431395455,[0]
IMPARTS FOOD,NEW FOETUS,0.0003575820431395455,[0]
IMPARTS FOOD,NUTRITIVE PRINCIPLE,0.0003575820431395455,[0]
IMPARTS FOOD,OWN FOOLISH NOTIONS,0.0003575820431395455,[0]
IMPARTS FOOD,OWN IGNORANCE,0.0003575820431395455,[0]
IMPARTS FOOD,OWN SUBSTANCE,0.0003575820431395455,[0]
IMPARTS FOOD,OWN VIRTUE,0.0003575820431395455,[0]
IMPARTS FOOD,PHILOSOPHERS,0.0003575820431395455,[0]
IMPARTS FOOD,PRECIOUS COMFORT,0.0003575820431395455,[0]
IMPARTS FOOD,PRECIOUS STONES,0.0003575820431395455,[0]
IMPARTS FOOD,PROUD TITLE,0.0003575820431395455,[0]
IMPARTS FOOD,SAGE,0.0003575820431395455,[0]
IMPARTS FOOD,SAGES,0.0003575820431395455,[0]
IMPARTS FOOD,SMALL WORLD,0.0003575820431395455,[0]
IMPARTS FOOD,SOLID BODIES,0.0003575820431395455,[0]
IMPARTS FOOD,SPECIFIC FORM,0.0003575820431395455,[0]
IMPARTS FOOD,SPIRIT LEAVENS,0.0003575820431395455,[0]
IMPARTS FOOD,SPIRITS BODIES,0.0003575820431395455,[0]
IMPARTS FOOD,STONE,0.0003575820431395455,[0]
IMPARTS FOOD,SUBTLE MERCURY,0.0003575820431395455,[0]
IMPARTS FOOD,SUCH VIRTUE,0.0003575820431395455,[0]
IMPARTS FOOD,SUN,0.0003575820431395455,[0]
IMPARTS FOOD,SUN MOON,0.0003575820431395455,[0]
IMPARTS FOOD,TEMPERATE BATH,0.0003575820431395455,[0]
IMPARTS FOOD,TRANSMUTE MERCURY,0.0003575820431395455,[0]
IMPARTS FOOD,TYPICAL FORM,0.0003575820431395455,[0]
IMPARTS FOOD,VOLATILE SUBSTANCE RISES,0.0003575820431395455,[0]
IMPARTS FOOD,VOLATILE WATER,0.0003575820431395455,[0]
IMPARTS FOOD,WATER ASCEND,0.0003575820431395455,[0]
IMPARTS FOOD,WHOLE BODY,0.0003575820431395455,[0]
IMPARTS FOOD,WHOLE EARTH,0.0003575820431395455,[0]
IMPARTS FOOD,WHOLE LUMP,0.0003575820431395455,[0]
IMPARTS FOOD,WHOLE POTENCY THEREOF,0.0003575820431395455,[0]
IMPARTS FOOD,WHOLE WORLD,0.0003575820431395455,[0]
IMPARTS FOOD,WIND BEARS,0.0003575820431395455,[0]
INTERNAL ACTION,ITSELF,0.0003575820431395455,[0]
INTERNAL ACTION,MATERNAL WOMB,0.0003575820431395455,[0]
INTERNAL ACTION,MATTER,0.0003575820431395455,[0]
INTERNAL ACTION,MERCURY,0.0003575820431395455,[0]
INTERNAL ACTION,MOON,0.0003575820431395455,[0]
INTERNAL ACTION,MYSTIC LANGUAGE,0.0003575820431395455,[0]
INTERNAL ACTION,NATURAL HEAT,0.0003575820431395455,[0]
INTERNAL ACTION,NATURE,0.0003575820431395455,[0]
INTERNAL ACTION,NEW BODY,0.0003575820431395455,[0]
INTERNAL ACTION,NEW FOETUS,0.0003575820431395455,[0]
INTERNAL ACTION,NUTRITIVE PRINCIPLE,0.0003575820431395455,[0]
INTERNAL ACTION,OWN FOOLISH NOTIONS,0.0003575820431395455,[0]
INTERNAL ACTION,OWN IGNORANCE,0.0003575820431395455,[0]
INTERNAL ACTION,OWN SUBSTANCE,0.0003575820431395455,[0]
INTERNAL ACTION,OWN VIRTUE,0.0003575820431395455,[0]
INTERNAL ACTION,PHILOSOPHERS,0.0003575820431395455,[0]
INTERNAL ACTION,PRECIOUS COMFORT,0.0003575820431395455,[0]
INTERNAL ACTION,PRECIOUS STONES,0.0003575820431395455,[0]
INTERNAL ACTION,PROUD TITLE,0.0003575820431395455,[0]
INTERNAL ACTION,SAGE,0.0003575820431395455,[0]
INTERNAL ACTION,SAGES,0.0003575820431395455,[0]
INTERNAL ACTION,SMALL WORLD,0.0003575820431395455,[0]
INTERNAL ACTION,SOLID BODIES,0.0003575820431395455,[0]
INTERNAL ACTION,SPECIFIC FORM,0.0003575820431395455,[0]
INTERNAL ACTION,SPIRIT LEAVENS,0.0003575820431395455,[0]
INTERNAL ACTION,SPIRITS BODIES,0.0003575820431395455,[0]
INTERNAL ACTION,STONE,0.0003575820431395455,[0]
INTERNAL ACTION,SUBTLE MERCURY,0.0003575820431395455,[0]
INTERNAL ACTION,SUCH VIRTUE,0.0003575820431395455,[0]
INTERNAL ACTION,SUN,0.0003575820431395455,[0]
INTERNAL ACTION,SUN MOON,0.0003575820431395455,[0]
INTERNAL ACTION,TEMPERATE BATH,0.0003575820431395455,[0]
INTERNAL ACTION,TRANSMUTE MERCURY,0.0003575820431395455,[0]
INTERNAL ACTION,TYPICAL FORM,0.0003575820431395455,[0]
INTERNAL ACTION,VOLATILE SUBSTANCE RISES,0.0003575820431395455,[0]
INTERNAL ACTION,VOLATILE WATER,0.0003575820431395455,[0]
INTERNAL ACTION,WATER ASCEND,0.0003575820431395455,[0]
INTERNAL ACTION,WHOLE BODY,0.0003575820431395455,[0]
INTERNAL ACTION,WHOLE EARTH,0.0003575820431395455,[0]
INTERNAL ACTION,WHOLE LUMP,0.0003575820431395455,[0]
INTERNAL ACTION,WHOLE POTENCY THEREOF,0.0003575820431395455,[0]
INTERNAL ACTION,WHOLE WORLD,0.0003575820431395455,[0]
INTERNAL ACTION,WIND BEARS,0.0003575820431395455,[0]
ITSELF,MATERNAL WOMB,0.0003575820431395455,[0]
ITSELF,MATTER,0.0003575820431395455,[0]
ITSELF,MERCURY,0.0003575820431395455,[0]
ITSELF,MOON,0.0003575820431395455,[0]
ITSELF,MYSTIC LANGUAGE,0.0003575820431395455,[0]
ITSELF,NATURAL HEAT,0.0003575820431395455,[0]
ITSELF,NATURE,0.0003575820431395455,[0]
ITSELF,NEW BODY,0.0003575820431395455,[0]
ITSELF,NEW FOETUS,0.0003575820431395455,[0]
ITSELF,NUTRITIVE PRINCIPLE,0.0003575820431395455,[0]
ITSELF,OWN FOOLISH NOTIONS,0.0003575820431395455,[0]
ITSELF,OWN IGNORANCE,0.0003575820431395455,[0]
ITSELF,OWN SUBSTANCE,0.0003575820431395455,[0]
ITSELF,OWN VIRTUE,0.0003575820431395455,[0]
ITSELF,PHILOSOPHERS,0.0003575820431395455,[0]
ITSELF,PRECIOUS COMFORT,0.0003575820431395455,[0]
ITSELF,PRECIOUS STONES,0.0003575820431395455,[0]
ITSELF,PROUD TITLE,0.0003575820431395455,[0]
ITSELF,SAGE,0.0003575820431395455,[0]
ITSELF,SAGES,0.0003575820431395455,[0]
ITSELF,SMALL WORLD,0.0003575820431395455,[0]
ITSELF,SOLID BODIES,0.0003575820431395455,[0]
ITSELF,SPECIFIC FORM,0.0003575820431395455,[0]
ITSELF,SPIRIT LEAVENS,0.0003575820431395455,[0]
ITSELF,SPIRITS BODIES,0.0003575820431395455,[0]
ITSELF,STONE,0.0003575820431395455,[0]
ITSELF,SUBTLE MERCURY,0.0003575820431395455,[0]
ITSELF,SUCH VIRTUE,0.0003575820431395455,[0]
ITSELF,SUN,0.0003575820431395455,[0]
ITSELF,SUN MOON,0.0003575820431395455,[0]
ITSELF,TEMPERATE BATH,0.0003575820431395455,[0]
ITSELF,TRANSMUTE MERCURY,0.0003575820431395455,[0]
ITSELF,TYPICAL FORM,0.0003575820431395455,[0]
ITSELF,VOLATILE SUBSTANCE RISES,0.0003575820431395455,[0]
ITSELF,VOLATILE WATER,0.0003575820431395455,[0]
ITSELF,WATER ASCEND,0.0003575820431395455,[0]
ITSELF,WHOLE BODY,0.0003575820431395455,[0]
ITSELF,WHOLE EARTH,0.0003575820431395455,[0]
ITSELF,WHOLE LUMP,0.0003575820431395455,[0]
ITSELF,WHOLE POTENCY THEREOF,0.0003575820431395455,[0]
ITSELF,WHOLE WORLD,0.0003575820431395455,[0]
ITSELF,WIND BEARS,0.0003575820431395455,[0]
MATERNAL WOMB,MATTER,0.0003575820431395455,[0]
MATERNAL WOMB,MERCURY,0.0003575820431395455,[0]
MATERNAL WOMB,MOON,0.0003575820431395455,[0]
MATERNAL WOMB,MYSTIC LANGUAGE,0.0003575820431395455,[0]
MATERNAL WOMB,NATURAL HEAT,0.0003575820431395455,[0]
MATERNAL WOMB,NATURE,0.0003575820431395455,[0]
MATERNAL WOMB,NEW BODY,0.0003575820431395455,[0]
MATERNAL WOMB,NEW FOETUS,0.0003575820431395455,[0]
MATERNAL WOMB,NUTRITIVE PRINCIPLE,0.0003575820431395455,[0]
MATERNAL WOMB,OWN FOOLISH NOTIONS,0.0003575820431395455,[0]
MATERNAL WOMB,OWN IGNORANCE,0.0003575820431395455,[0]
MATERNAL WOMB,OWN SUBSTANCE,0.0003575820431395455,[0]
MATERNAL WOMB,OWN VIRTUE,0.0003575820431395455,[0]
MATERNAL WOMB,PHILOSOPHERS,0.0003575820431395455,[0]
MATERNAL WOMB,PRECIOUS COMFORT,0.0003575820431395455,[0]
MATERNAL WOMB,PRECIOUS STONES,0.0003575820431395455,[0]
MATERNAL WOMB,PROUD TITLE,0.0003575820431395455,[0]
MATERNAL WOMB,SAGE,0.0003575820431395455,[0]
MATERNAL WOMB,SAGES,0.0003575820431395455,[0]
MATERNAL WOMB,SMALL WORLD,0.0003575820431395455,[0]
MATERNAL WOMB,SOLID BODIES,0.0003575820431395455,[0]
MATERNAL WOMB,SPECIFIC FORM,0.0003575820431395455,[0]
MATERNAL WOMB,SPIRIT LEAVENS,0.0003575820431395455,[0]
MATERNAL WOMB,SPIRITS BODIES,0.0003575820431395455,[0]
MATERNAL WOMB,STONE,0.0003575820431395455,[0]
MATERNAL WOMB,SUBTLE MERCURY,0.0003575820431395455,[0]
MATERNAL WOMB,SUCH VIRTUE,0.0003575820431395455,[0]
MATERNAL WOMB,SUN,0.0003575820431395455,[0]
MATERNAL WOMB,SUN MOON,0.0003575820431395455,[0]
MATERNAL WOMB,TEMPERATE BATH,0.0003575820431395455,[0]
MATERNAL WOMB,TRANSMUTE MERCURY,0.0003575820431395455,[0]
MATERNAL WOMB,TYPICAL FORM,0.0003575820431395455,[0]
MATERNAL WOMB,VOLATILE SUBSTANCE RISES,0.0003575820431395455,[0]
MATERNAL WOMB,VOLATILE WATER,0.0003575820431395455,[0]
MATERNAL WOMB,WATER ASCEND,0.0003575820431395455,[0]
MATERNAL WOMB,WHOLE BODY,0.0003575820431395455,[0]
MATERNAL WOMB,WHOLE EARTH,0.0003575820431395455,[0]
MATERNAL WOMB,WHOLE LUMP,0.0003575820431395455,[0]
MATERNAL WOMB,WHOLE POTENCY THEREOF,0.0003575820431395455,[0]
MATERNAL WOMB,WHOLE WORLD,0.0003575820431395455,[0]
MATERNAL WOMB,WIND BEARS,0.0003575820431395455,[0]
MATTER,MERCURY,0.0003575820431395455,[0]
MATTER,MOON,0.0003575820431395455,[0]
MATTER,MYSTIC LANGUAGE,0.0003575820431395455,[0]
MATTER,NATURAL HEAT,0.0003575820431395455,[0]
MATTER,NATURE,0.0003575820431395455,[0]
MATTER,NEW BODY,0.0003575820431395455,[0]
MATTER,NEW FOETUS,0.0003575820431395455,[0]
MATTER,NUTRITIVE PRINCIPLE,0.0003575820431395455,[0]
MATTER,OWN FOOLISH NOTIONS,0.0003575820431395455,[0]
MATTER,OWN IGNORANCE,0.0003575820431395455,[0]
MATTER,OWN SUBSTANCE,0.0003575820431395455,[0]
MATTER,OWN VIRTUE,0.0003575820431395455,[0]
MATTER,PHILOSOPHERS,0.0003575820431395455,[0]
MATTER,PRECIOUS COMFORT,0.0003575820431395455,[0]
MATTER,PRECIOUS STONES,0.0003575820431395455,[0]
MATTER,PROUD TITLE,0.0003575820431395455,[0]
MATTER,SAGE,0.0003575820431395455,[0]
MATTER,SAGES,0.0003575820431395455,[0]
MATTER,SMALL WORLD,0.0003575820431395455,[0]
MATTER,SOLID BODIES,0.0003575820431395455,[0]
MATTER,SPECIFIC FORM,0.0003575820431395455,[0]
MATTER,SPIRIT LEAVENS,0.0003575820431395455,[0]
MATTER,SPIRITS BODIES,0.0003575820431395455,[0]
MATTER,STONE,0.0003575820431395455,[0]
MATTER,SUBTLE MERCURY,0.0003575820431395455,[0]
MATTER,SUCH VIRTUE,0.0003575820431395455,[0]
MATTER,SUN,0.0003575820431395455,[0]
MATTER,SUN MOON,0.0003575820431395455,[0]
MATTER,TEMPERATE BATH,0.0003575820431395455,[0]
MATTER,TRANSMUTE MERCURY,0.0003575820431395455,[0]
MATTER,TYPICAL FORM,0.0003575820431395455,[0]
MATTER,VOLATILE SUBSTANCE RISES,0.0003575820431395455,[0]
MATTER,VOLATILE WATER,0.0003575820431395455,[0]
MATTER,WATER ASCEND,0.0003575820431395455,[0]
MATTER,WHOLE BODY,0.0003575820431395455,[0]
MATTER,WHOLE EARTH,0.0003575820431395455,[0]
MATTER,WHOLE LUMP,0.0003575820431395455,[0]
MATTER,WHOLE POTENCY THEREOF,0.0003575820431395455,[0]
MATTER,WHOLE WORLD,0.0003575820431395455,[0]
MATTER,WIND BEARS,0.0003575820431395455,[0]
MERCURY,MOON,0.0003575820431395455,[0]
MERCURY,MYSTIC LANGUAGE,0.0003575820431395455,[0]
MERCURY,NATURAL HEAT,0.0003575820431395455,[0]
MERCURY,NATURE,0.0003575820431395455,[0]
MERCURY,NEW BODY,0.0003575820431395455,[0]
MERCURY,NEW FOETUS,0.0003575820431395455,[0]
MERCURY,NUTRITIVE PRINCIPLE,0.0003575820431395455,[0]
MERCURY,OWN FOOLISH NOTIONS,0.0003575820431395455,[0]
MERCURY,OWN IGNORANCE,0.0003575820431395455,[0]
MERCURY,OWN SUBSTANCE,0.0003575820431395455,[0]
MERCURY,OWN VIRTUE,0.0003575820431395455,[0]
MERCURY,PHILOSOPHERS,0.0003575820431395455,[0]
MERCURY,PRECIOUS COMFORT,0.0003575820431395455,[0]
MERCURY,PRECIOUS STONES,0.0003575820431395455,[0]
MERCURY,PROUD TITLE,0.0003575820431395455,[0]
MERCURY,SAGE,0.0003575820431395455,[0]
MERCURY,SAGES,0.0003575820431395455,[0]
MERCURY,SMALL WORLD,0.0003575820431395455,[0]
MERCURY,SOLID BODIES,0.0003575820431395455,[0]
MERCURY,SPECIFIC FORM,0.0003575820431395455,[0]
MERCURY,SPIRIT LEAVENS,0.0003575820431395455,[0]
MERCURY,SPIRITS BODIES,0.0003575820431395455,[0]
MERCURY,STONE,0.0003575820431395455,[0]
MERCURY,SUBTLE MERCURY,0.0003575820431395455,[0]
MERCURY,SUCH VIRTUE,0.0003575820431395455,[0]
MERCURY,SUN,0.0003575820431395455,[0]
MERCURY,SUN MOON,0.0003575820431395455,[0]
MERCURY,TEMPERATE BATH,0.0003575820431395455,[0]
MERCURY,TRANSMUTE MERCURY,0.0003575820431395455,[0]
MERCURY,TYPICAL FORM,0.0003575820431395455,[0]
MERCURY,VOLATILE SUBSTANCE RISES,0.0003575820431395455,[0]
MERCURY,VOLATILE WATER,0.0003575820431395455,[0]
MERCURY,WATER ASCEND,0.0003575820431395455,[0]
MERCURY,WHOLE BODY,0.0003575820431395455,[0]
MERCURY,WHOLE EARTH,0.0003575820431395455,[0]
MERCURY,WHOLE LUMP,0.0003575820431395455,[0]
MERCURY,WHOLE POTENCY THEREOF,0.0003575820431395455,[0]
MERCURY,WHOLE WORLD,0.0003575820431395455,[0]
MERCURY,WIND BEARS,0.0003575820431395455,[0]
MOON,MYSTIC LANGUAGE,0.0003575820431395455,[0]
MOON,NATURAL HEAT,0.0003575820431395455,[0]
MOON,NATURE,0.0003575820431395455,[0]
MOON,NEW BODY,0.0003575820431395455,[0]
MOON,NEW FOETUS,0.0003575820431395455,[0]
MOON,NUTRITIVE PRINCIPLE,0.0003575820431395455,[0]
MOON,OWN FOOLISH NOTIONS,0.0003575820431395455,[0]
MOON,OWN IGNORANCE,0.0003575820431395455,[0]
MOON,OWN SUBSTANCE,0.0003575820431395455,[0]
MOON,OWN VIRTUE,0.0003575820431395455,[0]
MOON,PHILOSOPHERS,0.0003575820431395455,[0]
MOON,PRECIOUS COMFORT,0.0003575820431395455,[0]
MOON,PRECIOUS STONES,0.0003575820431395455,[0]
MOON,PROUD TITLE,0.0003575820431395455,[0]
MOON,SAGE,0.0003575820431395455,[0]
MOON,SAGES,0.0003575820431395455,[0]
MOON,SMALL WORLD,0.0003575820431395455,[0]
MOON,SOLID BODIES,0.0003575820431395455,[0]
MOON,SPECIFIC FORM,0.0003575820431395455,[0]
MOON,SPIRIT LEAVENS,0.0003575820431395455,[0]
MOON,SPIRITS BODIES,0.0003575820431395455,[0]
MOON,STONE,0.0003575820431395455,[0]
MOON,SUBTLE MERCURY,0.0003575820431395455,[0]
MOON,SUCH VIRTUE,0.0003575820431395455,[0]
MOON,SUN,0.0003575820431395455,[0]
MOON,SUN MOON,0.0003575820431395455,[0]
MOON,TEMPERATE BATH,0.0003575820431395455,[0]
MOON,TRANSMUTE MERCURY,0.0003575820431395455,[0]
MOON,TYPICAL FORM,0.0003575820431395455,[0]
MOON,VOLATILE SUBSTANCE RISES,0.0003575820431395455,[0]
MOON,VOLATILE WATER,0.0003575820431395455,[0]
MOON,WATER ASCEND,0.0003575820431395455,[0]
MOON,WHOLE BODY,0.0003575820431395455,[0]
MOON,WHOLE EARTH,0.0003575820431395455,[0]
MOON,WHOLE LUMP,0.0003575820431395455,[0]
MOON,WHOLE POTENCY THEREOF,0.0003575820431395455,[0]
MOON,WHOLE WORLD,0.0003575820431395455,[0]
MOON,WIND BEARS,0.0003575820431395455,[0]
MYSTIC LANGUAGE,NATURAL HEAT,0.0003575820431395455,[0]
MYSTIC LANGUAGE,NATURE,0.0003575820431395455,[0]
MYSTIC LANGUAGE,NEW BODY,0.0003575820431395455,[0]
MYSTIC LANGUAGE,NEW FOETUS,0.0003575820431395455,[0]
MYSTIC LANGUAGE,NUTRITIVE PRINCIPLE,0.0003575820431395455,[0]
MYSTIC LANGUAGE,OWN FOOLISH NOTIONS,0.0003575820431395455,[0]
MYSTIC LANGUAGE,OWN IGNORANCE,0.0003575820431395455,[0]
MYSTIC LANGUAGE,OWN SUBSTANCE,0.0003575820431395455,[0]
MYSTIC LANGUAGE,OWN VIRTUE,0.0003575820431395455,[0]
MYSTIC LANGUAGE,PHILOSOPHERS,0.0003575820431395455,[0]
MYSTIC LANGUAGE,PRECIOUS COMFORT,0.0003575820431395455,[0]
MYSTIC LANGUAGE,PRECIOUS STONES,0.0003575820431395455,[0]
MYSTIC LANGUAGE,PROUD TITLE,0.0003575820431395455,[0]
MYSTIC LANGUAGE,SAGE,0.0003575820431395455,[0]
MYSTIC LANGUAGE,SAGES,0.0003575820431395455,[0]
MYSTIC LANGUAGE,SMALL WORLD,0.0003575820431395455,[0]
MYSTIC LANGUAGE,SOLID BODIES,0.0003575820431395455,[0]
MYSTIC LANGUAGE,SPECIFIC FORM,0.0003575820431395455,[0]
MYSTIC LANGUAGE,SPIRIT LEAVENS,0.0003575820431395455,[0]
MYSTIC LANGUAGE,SPIRITS BODIES,0.0003575820431395455,[0]
MYSTIC LANGUAGE,STONE,0.0003575820431395455,[0]
MYSTIC LANGUAGE,SUBTLE MERCURY,0.0003575820431395455,[0]
MYSTIC LANGUAGE,SUCH VIRTUE,0.0003575820431395455,[0]
MYSTIC LANGUAGE,SUN,0.0003575820431395455,[0]
MYSTIC LANGUAGE,SUN MOON,0.0003575820431395455,[0]
MYSTIC LANGUAGE,TEMPERATE BATH,0.0003575820431395455,[0]
MYSTIC LANGUAGE,TRANSMUTE MERCURY,0.0003575820431395455,[0]
MYSTIC LANGUAGE,TYPICAL FORM,0.0003575820431395455,[0]
MYSTIC LANGUAGE,VOLATILE SUBSTANCE RISES,0.0003575820431395455,[0]
MYSTIC LANGUAGE,VOLATILE WATER,0.0003575820431395455,[0]
MYSTIC LANGUAGE,WATER ASCEND,0.0003575820431395455,[0]
MYSTIC LANGUAGE,WHOLE BODY,0.0003575820431395455,[0]
MYSTIC LANGUAGE,WHOLE EARTH,0.0003575820431395455,[0]
MYSTIC LANGUAGE,WHOLE LUMP,0.0003575820431395455,[0]
MYSTIC LANGUAGE,WHOLE POTENCY THEREOF,0.0003575820431395455,[0]
MYSTIC LANGUAGE,WHOLE WORLD,0.0003575820431395455,[0]
MYSTIC LANGUAGE,WIND BEARS,0.0003575820431395455,[0]
NATURAL HEAT,NATURE,0.0003575820431395455,[0]
NATURAL HEAT,NEW BODY,0.0003575820431395455,[0]
NATURAL HEAT,NEW FOETUS,0.0003575820431395455,[0]
NATURAL HEAT,NUTRITIVE PRINCIPLE,0.0003575820431395455,[0]
NATURAL HEAT,OWN FOOLISH NOTIONS,0.0003575820431395455,[0]
NATURAL HEAT,OWN IGNORANCE,0.0003575820431395455,[0]
NATURAL HEAT,OWN SUBSTANCE,0.0003575820431395455,[0]
NATURAL HEAT,OWN VIRTUE,0.0003575820431395455,[0]
NATURAL HEAT,PHILOSOPHERS,0.0003575820431395455,[0]
NATURAL HEAT,PRECIOUS COMFORT,0.0003575820431395455,[0]
NATURAL HEAT,PRECIOUS STONES,0.0003575820431395455,[0]
NATURAL HEAT,PROUD TITLE,0.0003575820431395455,[0]
NATURAL HEAT,SAGE,0.0003575820431395455,[0]
NATURAL HEAT,SAGES,0.0003575820431395455,[0]
NATURAL HEAT,SMALL WORLD,0.0003575820431395455,[0]
NATURAL HEAT,SOLID BODIES,0.0003575820431395455,[0]
NATURAL HEAT,SPECIFIC FORM,0.0003575820431395455,[0]
NATURAL HEAT,SPIRIT LEAVENS,0.0003575820431395455,[0]
NATURAL HEAT,SPIRITS BODIES,0.0003575820431395455,[0]
NATURAL HEAT,STONE,0.0003575820431395455,[0]
NATURAL HEAT,SUBTLE MERCURY,0.0003575820431395455,[0]
NATURAL HEAT,SUCH VIRTUE,0.0003575820431395455,[0]
NATURAL HEAT,SUN,0.0003575820431395455,[0]
NATURAL HEAT,SUN MOON,0.0003575820431395455,[0]
NATURAL HEAT,TEMPERATE BATH,0.0003575820431395455,[0]
NATURAL HEAT,TRANSMUTE MERCURY,0.0003575820431395455,[0]
NATURAL HEAT,TYPICAL FORM,0.0003575820431395455,[0]
NATURAL HEAT,VOLATILE SUBSTANCE RISES,0.0003575820431395455,[0]
NATURAL HEAT,VOLATILE WATER,0.0003575820431395455,[0]
NATURAL HEAT,WATER ASCEND,0.0003575820431395455,[0]
NATURAL HEAT,WHOLE BODY,0.0003575820431395455,[0]
NATURAL HEAT,WHOLE EARTH,0.0003575820431395455,[0]
NATURAL HEAT,WHOLE LUMP,0.0003575820431395455,[0]
NATURAL HEAT,WHOLE POTENCY THEREOF,0.0003575820431395455,[0]
NATURAL HEAT,WHOLE WORLD,0.0003575820431395455,[0]
NATURAL HEAT,WIND BEARS,0.0003575820431395455,[0]
NATURE,NEW BODY,0.0003575820431395455,[0]
NATURE,NEW FOETUS,0.0003575820431395455,[0]
NATURE,NUTRITIVE PRINCIPLE,0.0003575820431395455,[0]
NATURE,OWN FOOLISH NOTIONS,0.0003575820431395455,[0]
NATURE,OWN IGNORANCE,0.0003575820431395455,[0]
NATURE,OWN SUBSTANCE,0.0003575820431395455,[0]
NATURE,OWN VIRTUE,0.0003575820431395455,[0]
NATURE,PHILOSOPHERS,0.0003575820431395455,[0]
NATURE,PRECIOUS COMFORT,0.0003575820431395455,[0]
NATURE,PRECIOUS STONES,0.0003575820431395455,[0]
NATURE,PROUD TITLE,0.0003575820431395455,[0]
NATURE,SAGE,0.0003575820431395455,[0]
NATURE,SAGES,0.0003575820431395455,[0]
NATURE,SMALL WORLD,0.0003575820431395455,[0]
NATURE,SOLID BODIES,0.0003575820431395455,[0]
NATURE,SPECIFIC FORM,0.0003575820431395455,[0]
NATURE,SPIRIT LEAVENS,0.0003575820431395455,[0]
NATURE,SPIRITS BODIES,0.0003575820431395455,[0]
NATURE,STONE,0.0003575820431395455,[0]
NATURE,SUBTLE MERCURY,0.0003575820431395455,[0]
NATURE,SUCH VIRTUE,0.0003575820431395455,[0]
NATURE,SUN,0.0003575820431395455,[0]
NATURE,SUN MOON,0.0003575820431395455,[0]
NATURE,TEMPERATE BATH,0.0003575820431395455,[0]
NATURE,TRANSMUTE MERCURY,0.0003575820431395455,[0]
NATURE,TYPICAL FORM,0.0003575820431395455,[0]
NATURE,VOLATILE SUBSTANCE RISES,0.0003575820431395455,[0]
NATURE,VOLATILE WATER,0.0003575820431395455,[0]
NATURE,WATER ASCEND,0.0003575820431395455,[0]
NATURE,WHOLE BODY,0.0003575820431395455,[0]
NATURE,WHOLE EARTH,0.0003575820431395455,[0]
NATURE,WHOLE LUMP,0.0003575820431395455,[0]
NATURE,WHOLE POTENCY THEREOF,0.0003575820431395455,[0]
NATURE,WHOLE WORLD,0.0003575820431395455,[0]
NATURE,WIND BEARS,0.0003575820431395455,[0]
NEW BODY,NEW FOETUS,0.0003575820431395455,[0]
NEW BODY,NUTRITIVE PRINCIPLE,0.0003575820431395455,[0]
NEW BODY,OWN FOOLISH NOTIONS,0.0003575820431395455,[0]
NEW BODY,OWN IGNORANCE,0.0003575820431395455,[0]
NEW BODY,OWN SUBSTANCE,0.0003575820431395455,[0]
NEW BODY,OWN VIRTUE,0.0003575820431395455,[0]
NEW BODY,PHILOSOPHERS,0.0003575820431395455,[0]
NEW BODY,PRECIOUS COMFORT,0.0003575820431395455,[0]
NEW BODY,PRECIOUS STONES,0.0003575820431395455,[0]
NEW BODY,PROUD TITLE,0.0003575820431395455,[0]
NEW BODY,SAGE,0.0003575820431395455,[0]
NEW BODY,SAGES,0.0003575820431395455,[0]
NEW BODY,SMALL WORLD,0.0003575820431395455,[0]
NEW BODY,SOLID BODIES,0.0003575820431395455,[0]
NEW BODY,SPECIFIC FORM,0.0003575820431395455,[0]
NEW BODY,SPIRIT LEAVENS,0.0003575820431395455,[0]
NEW BODY,SPIRITS BODIES,0.0003575820431395455,[0]
NEW BODY,STONE,0.0003575820431395455,[0]
NEW BODY,SUBTLE MERCURY,0.0003575820431395455,[0]
NEW BODY,SUCH VIRTUE,0.0003575820431395455,[0]
NEW BODY,SUN,0.0003575820431395455,[0]
NEW BODY,SUN MOON,0.0003575820431395455,[0]
NEW BODY,TEMPERATE BATH,0.0003575820431395455,[0]
NEW BODY,TRANSMUTE MERCURY,0.0003575820431395455,[0]
NEW BODY,TYPICAL FORM,0.0003575820431395455,[0]
NEW BODY,VOLATILE SUBSTANCE RISES,0.0003575820431395455,[0]
NEW BODY,VOLATILE WATER,0.0003575820431395455,[0]
NEW BODY,WATER ASCEND,0.0003575820431395455,[0]
NEW BODY,WHOLE BODY,0.0003575820431395455,[0]
NEW BODY,WHOLE EARTH,0.0003575820431395455,[0]
NEW BODY,WHOLE LUMP,0.0003575820431395455,[0]
NEW BODY,WHOLE POTENCY THEREOF,0.0003575820431395455,[0]
NEW BODY,WHOLE WORLD,0.0003575820431395455,[0]
NEW BODY,WIND BEARS,0.0003575820431395455,[0]
NEW FOETUS,NUTRITIVE PRINCIPLE,0.0003575820431395455,[0]
NEW FOETUS,OWN FOOLISH NOTIONS,0.0003575820431395455,[0]
NEW FOETUS,OWN IGNORANCE,0.0003575820431395455,[0]
NEW FOETUS,OWN SUBSTANCE,0.0003575820431395455,[0]
NEW FOETUS,OWN VIRTUE,0.0003575820431395455,[0]
NEW FOETUS,PHILOSOPHERS,0.0003575820431395455,[0]
NEW FOETUS,PRECIOUS COMFORT,0.0003575820431395455,[0]
NEW FOETUS,PRECIOUS STONES,0.0003575820431395455,[0]
NEW FOETUS,PROUD TITLE,0.0003575820431395455,[0]
NEW FOETUS,SAGE,0.0003575820431395455,[0]
NEW FOETUS,SAGES,0.0003575820431395455,[0]
NEW FOETUS,SMALL WORLD,0.0003575820431395455,[0]
NEW FOETUS,SOLID BODIES,0.0003575820431395455,[0]
NEW FOETUS,SPECIFIC FORM,0.0003575820431395455,[0]
NEW FOETUS,SPIRIT LEAVENS,0.0003575820431395455,[0]
NEW FOETUS,SPIRITS BODIES,0.0003575820431395455,[0]
NEW FOETUS,STONE,0.0003575820431395455,[0]
NEW FOETUS,SUBTLE MERCURY,0.0003575820431395455,[0]
NEW FOETUS,SUCH VIRTUE,0.0003575820431395455,[0]
NEW FOETUS,SUN,0.0003575820431395455,[0]
NEW FOETUS,SUN MOON,0.0003575820431395455,[0]
NEW FOETUS,TEMPERATE BATH,0.0003575820431395455,[0]
NEW FOETUS,TRANSMUTE MERCURY,0.0003575820431395455,[0]
NEW FOETUS,TYPICAL FORM,0.0003575820431395455,[0]
NEW FOETUS,VOLATILE SUBSTANCE RISES,0.0003575820431395455,[0]
NEW FOETUS,VOLATILE WATER,0.0003575820431395455,[0]
NEW FOETUS,WATER ASCEND,0.0003575820431395455,[0]
NEW FOETUS,WHOLE BODY,0.0003575820431395455,[0]
NEW FOETUS,WHOLE EARTH,0.0003575820431395455,[0]
NEW FOETUS,WHOLE LUMP,0.0003575820431395455,[0]
NEW FOETUS,WHOLE POTENCY THEREOF,0.0003575820431395455,[0]
NEW FOETUS,WHOLE WORLD,0.0003575820431395455,[0]
NEW FOETUS,WIND BEARS,0.0003575820431395455,[0]
NUTRITIVE PRINCIPLE,OWN FOOLISH NOTIONS,0.0003575820431395455,[0]
NUTRITIVE PRINCIPLE,OWN IGNORANCE,0.0003575820431395455,[0]
NUTRITIVE PRINCIPLE,OWN SUBSTANCE,0.0003575820431395455,[0]
NUTRITIVE PRINCIPLE,OWN VIRTUE,0.0003575820431395455,[0]
NUTRITIVE PRINCIPLE,PHILOSOPHERS,0.0003575820431395455,[0]
NUTRITIVE PRINCIPLE,PRECIOUS COMFORT,0.0003575820431395455,[0]
NUTRITIVE PRINCIPLE,PRECIOUS STONES,0.0003575820431395455,[0]
NUTRITIVE PRINCIPLE,PROUD TITLE,0.0003575820431395455,[0]
NUTRITIVE PRINCIPLE,SAGE,0.0003575820431395455,[0]
NUTRITIVE PRINCIPLE,SAGES,0.0003575820431395455,[0]
NUTRITIVE PRINCIPLE,SMALL WORLD,0.0003575820431395455,[0]
NUTRITIVE PRINCIPLE,SOLID BODIES,0.0003575820431395455,[0]
NUTRITIVE PRINCIPLE,SPECIFIC FORM,0.0003575820431395455,[0]
NUTRITIVE PRINCIPLE,SPIRIT LEAVENS,0.0003575820431395455,[0]
NUTRITIVE PRINCIPLE,SPIRITS BODIES,0.0003575820431395455,[0]
NUTRITIVE PRINCIPLE,STONE,0.0003575820431395455,[0]
NUTRITIVE PRINCIPLE,SUBTLE MERCURY,0.0003575820431395455,[0]
NUTRITIVE PRINCIPLE,SUCH VIRTUE,0.0003575820431395455,[0]
NUTRITIVE PRINCIPLE,SUN,0.0003575820431395455,[0]
NUTRITIVE PRINCIPLE,SUN MOON,0.0003575820431395455,[0]
NUTRITIVE PRINCIPLE,TEMPERATE BATH,0.0003575820431395455,[0]
NUTRITIVE PRINCIPLE,TRANSMUTE MERCURY,0.0003575820431395455,[0]
NUTRITIVE PRINCIPLE,TYPICAL FORM,0.0003575820431395455,[0]
NUTRITIVE PRINCIPLE,VOLATILE SUBSTANCE RISES,0.0003575820431395455,[0]
NUTRITIVE PRINCIPLE,VOLATILE WATER,0.0003575820431395455,[0]
NUTRITIVE PRINCIPLE,WATER ASCEND,0.0003575820431395455,[0]
NUTRITIVE PRINCIPLE,WHOLE BODY,0.0003575820431395455,[0]
NUTRITIVE PRINCIPLE,WHOLE EARTH,0.0003575820431395455,[0]
NUTRITIVE PRINCIPLE,WHOLE LUMP,0.0003575820431395455,[0]
NUTRITIVE PRINCIPLE,WHOLE POTENCY THEREOF,0.0003575820431395455,[0]
NUTRITIVE PRINCIPLE,WHOLE WORLD,0.0003575820431395455,[0]
NUTRITIVE PRINCIPLE,WIND BEARS,0.0003575820431395455,[0]
OWN FOOLISH NOTIONS,OWN IGNORANCE,0.0003575820431395455,[0]
OWN FOOLISH NOTIONS,OWN SUBSTANCE,0.0003575820431395455,[0]
OWN FOOLISH NOTIONS,OWN VIRTUE,0.0003575820431395455,[0]
OWN FOOLISH NOTIONS,PHILOSOPHERS,0.0003575820431395455,[0]
OWN FOOLISH NOTIONS,PRECIOUS COMFORT,0.0003575820431395455,[0]
OWN FOOLISH NOTIONS,PRECIOUS STONES,0.0003575820431395455,[0]
OWN FOOLISH NOTIONS,PROUD TITLE,0.0003575820431395455,[0]
OWN FOOLISH NOTIONS,SAGE,0.0003575820431395455,[0]
OWN FOOLISH NOTIONS,SAGES,0.0003575820431395455,[0]
OWN FOOLISH NOTIONS,SMALL WORLD,0.0003575820431395455,[0]
OWN FOOLISH NOTIONS,SOLID BODIES,0.0003575820431395455,[0]
OWN FOOLISH NOTIONS,SPECIFIC FORM,0.0003575820431395455,[0]
OWN FOOLISH NOTIONS,SPIRIT LEAVENS,0.0003575820431395455,[0]
OWN FOOLISH NOTIONS,SPIRITS BODIES,0.0003575820431395455,[0]
OWN FOOLISH NOTIONS,STONE,0.0003575820431395455,[0]
OWN FOOLISH NOTIONS,SUBTLE MERCURY,0.0003575820431395455,[0]
OWN FOOLISH NOTIONS,SUCH VIRTUE,0.0003575820431395455,[0]
OWN FOOLISH NOTIONS,SUN,0.0003575820431395455,[0]
OWN FOOLISH NOTIONS,SUN MOON,0.0003575820431395455,[0]
OWN FOOLISH NOTIONS,TEMPERATE BATH,0.0003575820431395455,[0]
OWN FOOLISH NOTIONS,TRANSMUTE MERCURY,0.0003575820431395455,[0]
OWN FOOLISH NOTIONS,TYPICAL FORM,0.0003575820431395455,[0]
OWN FOOLISH NOTIONS,VOLATILE SUBSTANCE RISES,0.0003575820431395455,[0]
OWN FOOLISH NOTIONS,VOLATILE WATER,0.0003575820431395455,[0]
OWN FOOLISH NOTIONS,WATER ASCEND,0.0003575820431395455,[0]
OWN FOOLISH NOTIONS,WHOLE BODY,0.0003575820431395455,[0]
OWN FOOLISH NOTIONS,WHOLE EARTH,0.0003575820431395455,[0]
OWN FOOLISH NOTIONS,WHOLE LUMP,0.0003575820431395455,[0]
OWN FOOLISH NOTIONS,WHOLE POTENCY THEREOF,0.0003575820431395455,[0]
OWN FOOLISH NOTIONS,WHOLE WORLD,0.0003575820431395455,[0]
OWN FOOLISH NOTIONS,WIND BEARS,0.0003575820431395455,[0]
OWN IGNORANCE,OWN SUBSTANCE,0.0003575820431395455,[0]
OWN IGNORANCE,OWN VIRTUE,0.0003575820431395455,[0]
OWN IGNORANCE,PHILOSOPHERS,0.0003575820431395455,[0]
OWN IGNORANCE,PRECIOUS COMFORT,0.0003575820431395455,[0]
OWN IGNORANCE,PRECIOUS STONES,0.0003575820431395455,[0]
OWN IGNORANCE,PROUD TITLE,0.0003575820431395455,[0]
OWN IGNORANCE,SAGE,0.0003575820431395455,[0]
OWN IGNORANCE,SAGES,0.0003575820431395455,[0]
OWN IGNORANCE,SMALL WORLD,0.0003575820431395455,[0]
OWN IGNORANCE,SOLID BODIES,0.0003575820431395455,[0]
OWN IGNORANCE,SPECIFIC FORM,0.0003575820431395455,[0]
OWN IGNORANCE,SPIRIT LEAVENS,0.0003575820431395455,[0]
OWN IGNORANCE,SPIRITS BODIES,0.0003575820431395455,[0]
OWN IGNORANCE,STONE,0.0003575820431395455,[0]
OWN IGNORANCE,SUBTLE MERCURY,0.0003575820431395455,[0]
OWN IGNORANCE,SUCH VIRTUE,0.0003575820431395455,[0]
OWN IGNORANCE,SUN,0.0003575820431395455,[0]
OWN IGNORANCE,SUN MOON,0.0003575820431395455,[0]
OWN IGNORANCE,TEMPERATE BATH,0.0003575820431395455,[0]
OWN IGNORANCE,TRANSMUTE MERCURY,0.0003575820431395455,[0]
OWN IGNORANCE,TYPICAL FORM,0.0003575820431395455,[0]
OWN IGNORANCE,VOLATILE SUBSTANCE RISES,0.0003575820431395455,[0]
OWN IGNORANCE,VOLATILE WATER,0.0003575820431395455,[0]
OWN IGNORANCE,WATER ASCEND,0.0003575820431395455,[0]
OWN IGNORANCE,WHOLE BODY,0.0003575820431395455,[0]
OWN IGNORANCE,WHOLE EARTH,0.0003575820431395455,[0]
OWN IGNORANCE,WHOLE LUMP,0.0003575820431395455,[0]
OWN IGNORANCE,WHOLE POTENCY THEREOF,0.0003575820431395455,[0]
OWN IGNORANCE,WHOLE WORLD,0.0003575820431395455,[0]
OWN IGNORANCE,WIND BEARS,0.0003575820431395455,[0]
OWN SUBSTANCE,OWN VIRTUE,0.0003575820431395455,[0]
OWN SUBSTANCE,PHILOSOPHERS,0.0003575820431395455,[0]
OWN SUBSTANCE,PRECIOUS COMFORT,0.0003575820431395455,[0]
OWN SUBSTANCE,PRECIOUS STONES,0.0003575820431395455,[0]
OWN SUBSTANCE,PROUD TITLE,0.0003575820431395455,[0]
OWN SUBSTANCE,SAGE,0.0003575820431395455,[0]
OWN SUBSTANCE,SAGES,0.0003575820431395455,[0]
OWN SUBSTANCE,SMALL WORLD,0.0003575820431395455,[0]
OWN SUBSTANCE,SOLID BODIES,0.0003575820431395455,[0]
OWN SUBSTANCE,SPECIFIC FORM,0.0003575820431395455,[0]
OWN SUBSTANCE,SPIRIT LEAVENS,0.0003575820431395455,[0]
OWN SUBSTANCE,SPIRITS BODIES,0.0003575820431395455,[0]
OWN SUBSTANCE,STONE,0.0003575820431395455,[0]
OWN SUBSTANCE,SUBTLE MERCURY,0.0003575820431395455,[0]
OWN SUBSTANCE,SUCH VIRTUE,0.0003575820431395455,[0]
OWN SUBSTANCE,SUN,0.0003575820431395455,[0]
OWN SUBSTANCE,SUN MOON,0.0003575820431395455,[0]
OWN SUBSTANCE,TEMPERATE BATH,0.0003575820431395455,[0]
OWN SUBSTANCE,TRANSMUTE MERCURY,0.0003575820431395455,[0]
OWN SUBSTANCE,TYPICAL FORM,0.0003575820431395455,[0]
OWN SUBSTANCE,VOLATILE SUBSTANCE RISES,0.0003575820431395455,[0]
OWN SUBSTANCE,VOLATILE WATER,0.0003575820431395455,[0]
OWN SUBSTANCE,WATER ASCEND,0.0003575820431395455,[0]
OWN SUBSTANCE,WHOLE BODY,0.0003575820431395455,[0]
OWN SUBSTANCE,WHOLE EARTH,0.0003575820431395455,[0]
OWN SUBSTANCE,WHOLE LUMP,0.0003575820431395455,[0]
OWN SUBSTANCE,WHOLE POTENCY THEREOF,0.0003575820431395455,[0]
OWN SUBSTANCE,WHOLE WORLD,0.0003575820431395455,[0]
OWN SUBSTANCE,WIND BEARS,0.0003575820431395455,[0]
OWN VIRTUE,PHILOSOPHERS,0.0003575820431395455,[0]
OWN VIRTUE,PRECIOUS COMFORT,0.0003575820431395455,[0]
OWN VIRTUE,PRECIOUS STONES,0.0003575820431395455,[0]
OWN VIRTUE,PROUD TITLE,0.0003575820431395455,[0]
OWN VIRTUE,SAGE,0.0003575820431395455,[0]
OWN VIRTUE,SAGES,0.0003575820431395455,[0]
OWN VIRTUE,SMALL WORLD,0.0003575820431395455,[0]
OWN VIRTUE,SOLID BODIES,0.0003575820431395455,[0]
OWN VIRTUE,SPECIFIC FORM,0.0003575820431395455,[0]
OWN VIRTUE,SPIRIT LEAVENS,0.0003575820431395455,[0]
OWN VIRTUE,SPIRITS BODIES,0.0003575820431395455,[0]
OWN VIRTUE,STONE,0.0003575820431395455,[0]
OWN VIRTUE,SUBTLE MERCURY,0.0003575820431395455,[0]
OWN VIRTUE,SUCH VIRTUE,0.0003575820431395455,[0]
OWN VIRTUE,SUN,0.0003575820431395455,[0]
OWN VIRTUE,SUN MOON,0.0003575820431395455,[0]
OWN VIRTUE,TEMPERATE BATH,0.0003575820431395455,[0]
OWN VIRTUE,TRANSMUTE MERCURY,0.0003575820431395455,[0]
OWN VIRTUE,TYPICAL FORM,0.0003575820431395455,[0]
OWN VIRTUE,VOLATILE SUBSTANCE RISES,0.0003575820431395455,[0]
OWN VIRTUE,VOLATILE WATER,0.0003575820431395455,[0]
OWN VIRTUE,WATER ASCEND,0.0003575820431395455,[0]
OWN VIRTUE,WHOLE BODY,0.0003575820431395455,[0]
OWN VIRTUE,WHOLE EARTH,0.0003575820431395455,[0]
OWN VIRTUE,WHOLE LUMP,0.0003575820431395455,[0]
OWN VIRTUE,WHOLE POTENCY THEREOF,0.0003575820431395455,[0]
OWN VIRTUE,WHOLE WORLD,0.0003575820431395455,[0]
OWN VIRTUE,WIND BEARS,0.0003575820431395455,[0]
PHILOSOPHERS,PRECIOUS COMFORT,0.0003575820431395455,[0]
PHILOSOPHERS,PRECIOUS STONES,0.0003575820431395455,[0]
PHILOSOPHERS,PROUD TITLE,0.0003575820431395455,[0]
PHILOSOPHERS,SAGE,0.0003575820431395455,[0]
PHILOSOPHERS,SAGES,0.0003575820431395455,[0]
PHILOSOPHERS,SMALL WORLD,0.0003575820431395455,[0]
PHILOSOPHERS,SOLID BODIES,0.0003575820431395455,[0]
PHILOSOPHERS,SPECIFIC FORM,0.0003575820431395455,[0]
PHILOSOPHERS,SPIRIT LEAVENS,0.0003575820431395455,[0]
PHILOSOPHERS,SPIRITS BODIES,0.0003575820431395455,[0]
PHILOSOPHERS,STONE,0.0003575820431395455,[0]
PHILOSOPHERS,SUBTLE MERCURY,0.0003575820431395455,[0]
PHILOSOPHERS,SUCH VIRTUE,0.0003575820431395455,[0]
PHILOSOPHERS,SUN,0.0003575820431395455,[0]
PHILOSOPHERS,SUN MOON,0.0003575820431395455,[0]
PHILOSOPHERS,TEMPERATE BATH,0.0003575820431395455,[0]
PHILOSOPHERS,TRANSMUTE MERCURY,0.0003575820431395455,[0]
PHILOSOPHERS,TYPICAL FORM,0.0003575820431395455,[0]
PHILOSOPHERS,VOLATILE SUBSTANCE RISES,0.0003575820431395455,[0]
PHILOSOPHERS,VOLATILE WATER,0.0003575820431395455,[0]
PHILOSOPHERS,WATER ASCEND,0.0003575820431395455,[0]
PHILOSOPHERS,WHOLE BODY,0.0003575820431395455,[0]
PHILOSOPHERS,WHOLE EARTH,0.0003575820431395455,[0]
PHILOSOPHERS,WHOLE LUMP,0.0003575820431395455,[0]
PHILOSOPHERS,WHOLE POTENCY THEREOF,0.0003575820431395455,[0]
PHILOSOPHERS,WHOLE WORLD,0.0003575820431395455,[0]
PHILOSOPHERS,WIND BEARS,0.0003575820431395455,[0]
PRECIOUS COMFORT,PRECIOUS STONES,0.0003575820431395455,[0]
PRECIOUS COMFORT,PROUD TITLE,0.0003575820431395455,[0]
PRECIOUS COMFORT,SAGE,0.0003575820431395455,[0]
PRECIOUS COMFORT,SAGES,0.0003575820431395455,[0]
PRECIOUS COMFORT,SMALL WORLD,0.0003575820431395455,[0]
PRECIOUS COMFORT,SOLID BODIES,0.0003575820431395455,[0]
PRECIOUS COMFORT,SPECIFIC FORM,0.0003575820431395455,[0]
PRECIOUS COMFORT,SPIRIT LEAVENS,0.0003575820431395455,[0]
PRECIOUS COMFORT,SPIRITS BODIES,0.0003575820431395455,[0]
PRECIOUS COMFORT,STONE,0.0003575820431395455,[0]
PRECIOUS COMFORT,SUBTLE MERCURY,0.0003575820431395455,[0]
PRECIOUS COMFORT,SUCH VIRTUE,0.0003575820431395455,[0]
PRECIOUS COMFORT,SUN,0.0003575820431395455,[0]
PRECIOUS COMFORT,SUN MOON,0.0003575820431395455,[0]
PRECIOUS COMFORT,TEMPERATE BATH,0.0003575820431395455,[0]
PRECIOUS COMFORT,TRANSMUTE MERCURY,0.0003575820431395455,[0]
PRECIOUS COMFORT,TYPICAL FORM,0.0003575820431395455,[0]
PRECIOUS COMFORT,VOLATILE SUBSTANCE RISES,0.0003575820431395455,[0]
PRECIOUS COMFORT,VOLATILE WATER,0.0003575820431395455,[0]
PRECIOUS COMFORT,WATER ASCEND,0.0003575820431395455,[0]
PRECIOUS COMFORT,WHOLE BODY,0.0003575820431395455,[0]
PRECIOUS COMFORT,WHOLE EARTH,0.0003575820431395455,[0]
PRECIOUS COMFORT,WHOLE LUMP,0.0003575820431395455,[0]
PRECIOUS COMFORT,WHOLE POTENCY THEREOF,0.0003575820431395455,[0]
PRECIOUS COMFORT,WHOLE WORLD,0.0003575820431395455,[0]
PRECIOUS COMFORT,WIND BEARS,0.0003575820431395455,[0]
PRECIOUS STONES,PROUD TITLE,0.0003575820431395455,[0]
PRECIOUS STONES,SAGE,0.0003575820431395455,[0]
PRECIOUS STONES,SAGES,0.0003575820431395455,[0]
PRECIOUS STONES,SMALL WORLD,0.0003575820431395455,[0]
PRECIOUS STONES,SOLID BODIES,0.0003575820431395455,[0]
PRECIOUS STONES,SPECIFIC FORM,0.0003575820431395455,[0]
PRECIOUS STONES,SPIRIT LEAVENS,0.0003575820431395455,[0]
PRECIOUS STONES,SPIRITS BODIES,0.0003575820431395455,[0]
PRECIOUS STONES,STONE,0.0003575820431395455,[0]
PRECIOUS STONES,SUBTLE MERCURY,0.0003575820431395455,[0]
PRECIOUS STONES,SUCH VIRTUE,0.0003575820431395455,[0]
PRECIOUS STONES,SUN,0.0003575820431395455,[0]
PRECIOUS STONES,SUN MOON,0.0003575820431395455,[0]
PRECIOUS STONES,TEMPERATE BATH,0.0003575820431395455,[0]
PRECIOUS STONES,TRANSMUTE MERCURY,0.0003575820431395455,[0]
PRECIOUS STONES,TYPICAL FORM,0.0003575820431395455,[0]
PRECIOUS STONES,VOLATILE SUBSTANCE RISES,0.0003575820431395455,[0]
PRECIOUS STONES,VOLATILE WATER,0.0003575820431395455,[0]
PRECIOUS STONES,WATER ASCEND,0.0003575820431395455,[0]
PRECIOUS STONES,WHOLE BODY,0.0003575820431395455,[0]
PRECIOUS STONES,WHOLE EARTH,0.0003575820431395455,[0]
PRECIOUS STONES,WHOLE LUMP,0.0003575820431395455,[0]
PRECIOUS STONES,WHOLE POTENCY THEREOF,0.0003575820431395455,[0]
PRECIOUS STONES,WHOLE WORLD,0.0003575820431395455,[0]
PRECIOUS STONES,WIND BEARS,0.0003575820431395455,[0]
PROUD TITLE,SAGE,0.0003575820431395455,[0]
PROUD TITLE,SAGES,0.0003575820431395455,[0]
PROUD TITLE,SMALL WORLD,0.0003575820431395455,[0]
PROUD TITLE,SOLID BODIES,0.0003575820431395455,[0]
PROUD TITLE,SPECIFIC FORM,0.0003575820431395455,[0]
PROUD TITLE,SPIRIT LEAVENS,0.0003575820431395455,[0]
PROUD TITLE,SPIRITS BODIES,0.0003575820431395455,[0]
PROUD TITLE,STONE,0.0003575820431395455,[0]
PROUD TITLE,SUBTLE MERCURY,0.0003575820431395455,[0]
PROUD TITLE,SUCH VIRTUE,0.0003575820431395455,[0]
PROUD TITLE,SUN,0.0003575820431395455,[0]
PROUD TITLE,SUN MOON,0.0003575820431395455,[0]
PROUD TITLE,TEMPERATE BATH,0.0003575820431395455,[0]
PROUD TITLE,TRANSMUTE MERCURY,0.0003575820431395455,[0]
PROUD TITLE,TYPICAL FORM,0.0003575820431395455,[0]
PROUD TITLE,VOLATILE SUBSTANCE RISES,0.0003575820431395455,[0]
PROUD TITLE,VOLATILE WATER,0.0003575820431395455,[0]
PROUD TITLE,WATER ASCEND,0.0003575820431395455,[0]
PROUD TITLE,WHOLE BODY,0.0003575820431395455,[0]
PROUD TITLE,WHOLE EARTH,0.0003575820431395455,[0]
PROUD TITLE,WHOLE LUMP,0.0003575820431395455,[0]
PROUD TITLE,WHOLE POTENCY THEREOF,0.0003575820431395455,[0]
PROUD TITLE,WHOLE WORLD,0.0003575820431395455,[0]
PROUD TITLE,WIND BEARS,0.0003575820431395455,[0]
SAGE,SAGES,0.0003575820431395455,[0]
SAGE,SMALL WORLD,0.0003575820431395455,[0]
SAGE,SOLID BODIES,0.0003575820431395455,[0]
SAGE,SPECIFIC FORM,0.0003575820431395455,[0]
SAGE,SPIRIT LEAVENS,0.0003575820431395455,[0]
SAGE,SPIRITS BODIES,0.0003575820431395455,[0]
SAGE,STONE,0.0003575820431395455,[0]
SAGE,SUBTLE MERCURY,0.0003575820431395455,[0]
SAGE,SUCH VIRTUE,0.0003575820431395455,[0]
SAGE,SUN,0.0003575820431395455,[0]
SAGE,SUN MOON,0.0003575820431395455,[0]
SAGE,TEMPERATE BATH,0.0003575820431395455,[0]
SAGE,TRANSMUTE MERCURY,0.0003575820431395455,[0]
SAGE,TYPICAL FORM,0.0003575820431395455,[0]
SAGE,VOLATILE SUBSTANCE RISES,0.0003575820431395455,[0]
SAGE,VOLATILE WATER,0.0003575820431395455,[0]
SAGE,WATER ASCEND,0.0003575820431395455,[0]
SAGE,WHOLE BODY,0.0003575820431395455,[0]
SAGE,WHOLE EARTH,0.0003575820431395455,[0]
SAGE,WHOLE LUMP,0.0003575820431395455,[0]
SAGE,WHOLE POTENCY THEREOF,0.0003575820431395455,[0]
SAGE,WHOLE WORLD,0.0003575820431395455,[0]
SAGE,WIND BEARS,0.0003575820431395455,[0]
SAGES,SMALL WORLD,0.0003575820431395455,[0]
SAGES,SOLID BODIES,0.0003575820431395455,[0]
SAGES,SPECIFIC FORM,0.0003575820431395455,[0]
SAGES,SPIRIT LEAVENS,0.0003575820431395455,[0]
SAGES,SPIRITS BODIES,0.0003575820431395455,[0]
SAGES,STONE,0.0003575820431395455,[0]
SAGES,SUBTLE MERCURY,0.0003575820431395455,[0]
SAGES,SUCH VIRTUE,0.0003575820431395455,[0]
SAGES,SUN,0.0003575820431395455,[0]
SAGES,SUN MOON,0.0003575820431395455,[0]
SAGES,TEMPERATE BATH,0.0003575820431395455,[0]
SAGES,TRANSMUTE MERCURY,0.0003575820431395455,[0]
SAGES,TYPICAL FORM,0.0003575820431395455,[0]
SAGES,VOLATILE SUBSTANCE RISES,0.0003575820431395455,[0]
SAGES,VOLATILE WATER,0.0003575820431395455,[0]
SAGES,WATER ASCEND,0.0003575820431395455,[0]
SAGES,WHOLE BODY,0.0003575820431395455,[0]
SAGES,WHOLE EARTH,0.0003575820431395455,[0]
SAGES,WHOLE LUMP,0.0003575820431395455,[0]
SAGES,WHOLE POTENCY THEREOF,0.0003575820431395455,[0]
SAGES,WHOLE WORLD,0.0003575820431395455,[0]
SAGES,WIND BEARS,0.0003575820431395455,[0]
SMALL WORLD,SOLID BODIES,0.0003575820431395455,[0]
SMALL WORLD,SPECIFIC FORM,0.0003575820431395455,[0]
SMALL WORLD,SPIRIT LEAVENS,0.0003575820431395455,[0]
SMALL WORLD,SPIRITS BODIES,0.0003575820431395455,[0]
SMALL WORLD,STONE,0.0003575820431395455,[0]
SMALL WORLD,SUBTLE MERCURY,0.0003575820431395455,[0]
SMALL WORLD,SUCH VIRTUE,0.0003575820431395455,[0]
SMALL WORLD,SUN,0.0003575820431395455,[0]
SMALL WORLD,SUN MOON,0.0003575820431395455,[0]
SMALL WORLD,TEMPERATE BATH,0.0003575820431395455,[0]
SMALL WORLD,TRANSMUTE MERCURY,0.0003575820431395455,[0]
SMALL WORLD,TYPICAL FORM,0.0003575820431395455,[0]
SMALL WORLD,VOLATILE SUBSTANCE RISES,0.0003575820431395455,[0]
SMALL WORLD,VOLATILE WATER,0.0003575820431395455,[0]
SMALL WORLD,WATER ASCEND,0.0003575820431395455,[0]
SMALL WORLD,WHOLE BODY,0.0003575820431395455,[0]
SMALL WORLD,WHOLE EARTH,0.0003575820431395455,[0]
SMALL WORLD,WHOLE LUMP,0.0003575820431395455,[0]
SMALL WORLD,WHOLE POTENCY THEREOF,0.0003575820431395455,[0]
SMALL WORLD,WHOLE WORLD,0.0003575820431395455,[0]
SMALL WORLD,WIND BEARS,0.0003575820431395455,[0]
SOLID BODIES,SPECIFIC FORM,0.0003575820431395455,[0]
SOLID BODIES,SPIRIT LEAVENS,0.0003575820431395455,[0]
SOLID BODIES,SPIRITS BODIES,0.0003575820431395455,[0]
SOLID BODIES,STONE,0.0003575820431395455,[0]
SOLID BODIES,SUBTLE MERCURY,0.0003575820431395455,[0]
SOLID BODIES,SUCH VIRTUE,0.0003575820431395455,[0]
SOLID BODIES,SUN,0.0003575820431395455,[0]
SOLID BODIES,SUN MOON,0.0003575820431395455,[0]
SOLID BODIES,TEMPERATE BATH,0.0003575820431395455,[0]
SOLID BODIES,TRANSMUTE MERCURY,0.0003575820431395455,[0]
SOLID BODIES,TYPICAL FORM,0.0003575820431395455,[0]
SOLID BODIES,VOLATILE SUBSTANCE RISES,0.0003575820431395455,[0]
SOLID BODIES,VOLATILE WATER,0.0003575820431395455,[0]
SOLID BODIES,WATER ASCEND,0.0003575820431395455,[0]
SOLID BODIES,WHOLE BODY,0.0003575820431395455,[0]
SOLID BODIES,WHOLE EARTH,0.0003575820431395455,[0]
SOLID BODIES,WHOLE LUMP,0.0003575820431395455,[0]
SOLID BODIES,WHOLE POTENCY THEREOF,0.0003575820431395455,[0]
SOLID BODIES,WHOLE WORLD,0.0003575820431395455,[0]
SOLID BODIES,WIND BEARS,0.0003575820431395455,[0]
SPECIFIC FORM,SPIRIT LEAVENS,0.0003575820431395455,[0]
SPECIFIC FORM,SPIRITS BODIES,0.0003575820431395455,[0]
SPECIFIC FORM,STONE,0.0003575820431395455,[0]
SPECIFIC FORM,SUBTLE MERCURY,0.0003575820431395455,[0]
SPECIFIC FORM,SUCH VIRTUE,0.0003575820431395455,[0]
SPECIFIC FORM,SUN,0.0003575820431395455,[0]
SPECIFIC FORM,SUN MOON,0.0003575820431395455,[0]
SPECIFIC FORM,TEMPERATE BATH,0.0003575820431395455,[0]
SPECIFIC FORM,TRANSMUTE MERCURY,0.0003575820431395455,[0]
SPECIFIC FORM,TYPICAL FORM,0.0003575820431395455,[0]
SPECIFIC FORM,VOLATILE SUBSTANCE RISES,0.0003575820431395455,[0]
SPECIFIC FORM,VOLATILE WATER,0.0003575820431395455,[0]
SPECIFIC FORM,WATER ASCEND,0.0003575820431395455,[0]
SPECIFIC FORM,WHOLE BODY,0.0003575820431395455,[0]
SPECIFIC FORM,WHOLE EARTH,0.0003575820431395455,[0]
SPECIFIC FORM,WHOLE LUMP,0.0003575820431395455,[0]
SPECIFIC FORM,WHOLE POTENCY THEREOF,0.0003575820431395455,[0]
SPECIFIC FORM,WHOLE WORLD,0.0003575820431395455,[0]
SPECIFIC FORM,WIND BEARS,0.0003575820431395455,[0]
SPIRIT LEAVENS,SPIRITS BODIES,0.0003575820431395455,[0]
SPIRIT LEAVENS,STONE,0.0003575820431395455,[0]
SPIRIT LEAVENS,SUBTLE MERCURY,0.0003575820431395455,[0]
SPIRIT LEAVENS,SUCH VIRTUE,0.0003575820431395455,[0]
SPIRIT LEAVENS,SUN,0.0003575820431395455,[0]
SPIRIT LEAVENS,SUN MOON,0.0003575820431395455,[0]
SPIRIT LEAVENS,TEMPERATE BATH,0.0003575820431395455,[0]
SPIRIT LEAVENS,TRANSMUTE MERCURY,0.0003575820431395455,[0]
SPIRIT LEAVENS,TYPICAL FORM,0.0003575820431395455,[0]
SPIRIT LEAVENS,VOLATILE SUBSTANCE RISES,0.0003575820431395455,[0]
SPIRIT LEAVENS,VOLATILE WATER,0.0003575820431395455,[0]
SPIRIT LEAVENS,WATER ASCEND,0.0003575820431395455,[0]
SPIRIT LEAVENS,WHOLE BODY,0.0003575820431395455,[0]
SPIRIT LEAVENS,WHOLE EARTH,0.0003575820431395455,[0]
SPIRIT LEAVENS,WHOLE LUMP,0.0003575820431395455,[0]
SPIRIT LEAVENS,WHOLE POTENCY THEREOF,0.0003575820431395455,[0]
SPIRIT LEAVENS,WHOLE WORLD,0.0003575820431395455,[0]
SPIRIT LEAVENS,WIND BEARS,0.0003575820431395455,[0]
SPIRITS BODIES,STONE,0.0003575820431395455,[0]
SPIRITS BODIES,SUBTLE MERCURY,0.0003575820431395455,[0]
SPIRITS BODIES,SUCH VIRTUE,0.0003575820431395455,[0]
SPIRITS BODIES,SUN,0.0003575820431395455,[0]
SPIRITS BODIES,SUN MOON,0.0003575820431395455,[0]
SPIRITS BODIES,TEMPERATE BATH,0.0003575820431395455,[0]
SPIRITS BODIES,TRANSMUTE MERCURY,0.0003575820431395455,[0]
SPIRITS BODIES,TYPICAL FORM,0.0003575820431395455,[0]
SPIRITS BODIES,VOLATILE SUBSTANCE RISES,0.0003575820431395455,[0]
SPIRITS BODIES,VOLATILE WATER,0.0003575820431395455,[0]
SPIRITS BODIES,WATER ASCEND,0.0003575820431395455,[0]
SPIRITS BODIES,WHOLE BODY,0.0003575820431395455,[0]
SPIRITS BODIES,WHOLE EARTH,0.0003575820431395455,[0]
SPIRITS BODIES,WHOLE LUMP,0.0003575820431395455,[0]
SPIRITS BODIES,WHOLE POTENCY THEREOF,0.0003575820431395455,[0]
SPIRITS BODIES,WHOLE WORLD,0.0003575820431395455,[0]
SPIRITS BODIES,WIND BEARS,0.0003575820431395455,[0]
STONE,SUBTLE MERCURY,0.0003575820431395455,[0]
STONE,SUCH VIRTUE,0.0003575820431395455,[0]
STONE,SUN,0.0003575820431395455,[0]
STONE,SUN MOON,0.0003575820431395455,[0]
STONE,TEMPERATE BATH,0.0003575820431395455,[0]
STONE,TRANSMUTE MERCURY,0.0003575820431395455,[0]
STONE,TYPICAL FORM,0.0003575820431395455,[0]
STONE,VOLATILE SUBSTANCE RISES,0.0003575820431395455,[0]
STONE,VOLATILE WATER,0.0003575820431395455,[0]
STONE,WATER ASCEND,0.0003575820431395455,[0]
STONE,WHOLE BODY,0.0003575820431395455,[0]
STONE,WHOLE EARTH,0.0003575820431395455,[0]
STONE,WHOLE LUMP,0.0003575820431395455,[0]
STONE,WHOLE POTENCY THEREOF,0.0003575820431395455,[0]
STONE,WHOLE WORLD,0.0003575820431395455,[0]
STONE,WIND BEARS,0.0003575820431395455,[0]
SUBTLE MERCURY,SUCH VIRTUE,0.0003575820431395455,[0]
SUBTLE MERCURY,SUN,0.0003575820431395455,[0]
SUBTLE MERCURY,SUN MOON,0.0003575820431395455,[0]
SUBTLE MERCURY,TEMPERATE BATH,0.0003575820431395455,[0]
SUBTLE MERCURY,TRANSMUTE MERCURY,0.0003575820431395455,[0]
SUBTLE MERCURY,TYPICAL FORM,0.0003575820431395455,[0]
SUBTLE MERCURY,VOLATILE SUBSTANCE RISES,0.0003575820431395455,[0]
SUBTLE MERCURY,VOLATILE WATER,0.0003575820431395455,[0]
SUBTLE MERCURY,WATER ASCEND,0.0003575820431395455,[0]
SUBTLE MERCURY,WHOLE BODY,0.0003575820431395455,[0]
SUBTLE MERCURY,WHOLE EARTH,0.0003575820431395455,[0]
SUBTLE MERCURY,WHOLE LUMP,0.0003575820431395455,[0]
SUBTLE MERCURY,WHOLE POTENCY THEREOF,0.0003575820431395455,[0]
SUBTLE MERCURY,WHOLE WORLD,0.0003575820431395455,[0]
SUBTLE MERCURY,WIND BEARS,0.0003575820431395455,[0]
SUCH VIRTUE,SUN,0.0003575820431395455,[0]
SUCH VIRTUE,SUN MOON,0.0003575820431395455,[0]
SUCH VIRTUE,TEMPERATE BATH,0.0003575820431395455,[0]
SUCH VIRTUE,TRANSMUTE MERCURY,0.0003575820431395455,[0]
SUCH VIRTUE,TYPICAL FORM,0.0003575820431395455,[0]
SUCH VIRTUE,VOLATILE SUBSTANCE RISES,0.0003575820431395455,[0]
SUCH VIRTUE,VOLATILE WATER,0.0003575820431395455,[0]
SUCH VIRTUE,WATER ASCEND,0.0003575820431395455,[0]
SUCH VIRTUE,WHOLE BODY,0.0003575820431395455,[0]
SUCH VIRTUE,WHOLE EARTH,0.0003575820431395455,[0]
SUCH VIRTUE,WHOLE LUMP,0.0003575820431395455,[0]
SUCH VIRTUE,WHOLE POTENCY THEREOF,0.0003575820431395455,[0]
SUCH VIRTUE,WHOLE WORLD,0.0003575820431395455,[0]
SUCH VIRTUE,WIND BEARS,0.0003575820431395455,[0]
SUN,SUN MOON,0.0003575820431395455,[0]
SUN,TEMPERATE BATH,0.0003575820431395455,[0]
SUN,TRANSMUTE MERCURY,0.0003575820431395455,[0]
SUN,TYPICAL FORM,0.0003575820431395455,[0]
SUN,VOLATILE SUBSTANCE RISES,0.0003575820431395455,[0]
SUN,VOLATILE WATER,0.0003575820431395455,[0]
SUN,WATER ASCEND,0.0003575820431395455,[0]
SUN,WHOLE BODY,0.0003575820431395455,[0]
SUN,WHOLE EARTH,0.0003575820431395455,[0]
SUN,WHOLE LUMP,0.0003575820431395455,[0]
SUN,WHOLE POTENCY THEREOF,0.0003575820431395455,[0]
SUN,WHOLE WORLD,0.0003575820431395455,[0]
SUN,WIND BEARS,0.0003575820431395455,[0]
SUN MOON,TEMPERATE BATH,0.0003575820431395455,[0]
SUN MOON,TRANSMUTE MERCURY,0.0003575820431395455,[0]
SUN MOON,TYPICAL FORM,0.0003575820431395455,[0]
SUN MOON,VOLATILE SUBSTANCE RISES,0.0003575820431395455,[0]
SUN MOON,VOLATILE WATER,0.0003575820431395455,[0]
SUN MOON,WATER ASCEND,0.0003575820431395455,[0]
SUN MOON,WHOLE BODY,0.0003575820431395455,[0]
SUN MOON,WHOLE EARTH,0.0003575820431395455,[0]
SUN MOON,WHOLE LUMP,0.0003575820431395455,[0]
SUN MOON,WHOLE POTENCY THEREOF,0.0003575820431395455,[0]
SUN MOON,WHOLE WORLD,0.0003575820431395455,[0]
SUN MOON,WIND BEARS,0.0003575820431395455,[0]
TEMPERATE BATH,TRANSMUTE MERCURY,0.0003575820431395455,[0]
TEMPERATE BATH,TYPICAL FORM,0.0003575820431395455,[0]
TEMPERATE BATH,VOLATILE SUBSTANCE RISES,0.0003575820431395455,[0]
TEMPERATE BATH,VOLATILE WATER,0.0003575820431395455,[0]
TEMPERATE BATH,WATER ASCEND,0.0003575820431395455,[0]
TEMPERATE BATH,WHOLE BODY,0.0003575820431395455,[0]
TEMPERATE BATH,WHOLE EARTH,0.0003575820431395455,[0]
TEMPERATE BATH,WHOLE LUMP,0.0003575820431395455,[0]
TEMPERATE BATH,WHOLE POTENCY THEREOF,0.0003575820431395455,[0]
TEMPERATE BATH,WHOLE WORLD,0.0003575820431395455,[0]
TEMPERATE BATH,WIND BEARS,0.0003575820431395455,[0]
TRANSMUTE MERCURY,TYPICAL FORM,0.0003575820431395455,[0]
TRANSMUTE MERCURY,VOLATILE SUBSTANCE RISES,0.0003575820431395455,[0]
TRANSMUTE MERCURY,VOLATILE WATER,0.0003575820431395455,[0]
TRANSMUTE MERCURY,WATER ASCEND,0.0003575820431395455,[0]
TRANSMUTE MERCURY,WHOLE BODY,0.0003575820431395455,[0]
TRANSMUTE MERCURY,WHOLE EARTH,0.0003575820431395455,[0]
TRANSMUTE MERCURY,WHOLE LUMP,0.0003575820431395455,[0]
TRANSMUTE MERCURY,WHOLE POTENCY THEREOF,0.0003575820431395455,[0]
TRANSMUTE MERCURY,WHOLE WORLD,0.0003575820431395455,[0]
TRANSMUTE MERCURY,WIND BEARS,0.0003575820431395455,[0]
TYPICAL FORM,VOLATILE SUBSTANCE RISES,0.0003575820431395455,[0]
TYPICAL FORM,VOLATILE WATER,0.0003575820431395455,[0]
TYPICAL FORM,WATER ASCEND,0.0003575820431395455,[0]
TYPICAL FORM,WHOLE BODY,0.0003575820431395455,[0]
TYPICAL FORM,WHOLE EARTH,0.0003575820431395455,[0]
TYPICAL FORM,WHOLE LUMP,0.0003575820431395455,[0]
TYPICAL FORM,WHOLE POTENCY THEREOF,0.0003575820431395455,[0]
TYPICAL FORM,WHOLE WORLD,0.0003575820431395455,[0]
TYPICAL FORM,WIND BEARS,0.0003575820431395455,[0]
VOLATILE SUBSTANCE RISES,VOLATILE WATER,0.0003575820431395455,[0]
VOLATILE SUBSTANCE RISES,WATER ASCEND,0.0003575820431395455,[0]
VOLATILE SUBSTANCE RISES,WHOLE BODY,0.0003575820431395455,[0]
VOLATILE SUBSTANCE RISES,WHOLE EARTH,0.0003575820431395455,[0]
VOLATILE SUBSTANCE RISES,WHOLE LUMP,0.0003575820431395455,[0]
VOLATILE SUBSTANCE RISES,WHOLE POTENCY THEREOF,0.0003575820431395455,[0]
VOLATILE SUBSTANCE RISES,WHOLE WORLD,0.0003575820431395455,[0]
VOLATILE SUBSTANCE RISES,WIND BEARS,0.0003575820431395455,[0]
VOLATILE WATER,WATER ASCEND,0.0003575820431395455,[0]
VOLATILE WATER,WHOLE BODY,0.0003575820431395455,[0]
VOLATILE WATER,WHOLE EARTH,0.0003575820431395455,[0]
VOLATILE WATER,WHOLE LUMP,0.0003575820431395455,[0]
VOLATILE WATER,WHOLE POTENCY THEREOF,0.0003575820431395455,[0]
VOLATILE WATER,WHOLE WORLD,0.0003575820431395455,[0]
VOLATILE WATER,WIND BEARS,0.0003575820431395455,[0]
WATER ASCEND,WHOLE BODY,0.0003575820431395455,[0]
WATER ASCEND,WHOLE EARTH,0.0003575820431395455,[0]
WATER ASCEND,WHOLE LUMP,0.0003575820431395455,[0]
WATER ASCEND,WHOLE POTENCY THEREOF,0.0003575820431395455,[0]
WATER ASCEND,WHOLE WORLD,0.0003575820431395455,[0]
WATER ASCEND,WIND BEARS,0.0003575820431395455,[0]
WHOLE BODY,WHOLE EARTH,0.0003575820431395455,[0]
WHOLE BODY,WHOLE LUMP,0.0003575820431395455,[0]
WHOLE BODY,WHOLE POTENCY THEREOF,0.0003575820431395455,[0]
WHOLE BODY,WHOLE WORLD,0.0003575820431395455,[0]
WHOLE BODY,WIND BEARS,0.0003575820431395455,[0]
WHOLE EARTH,WHOLE LUMP,0.0003575820431395455,[0]
WHOLE EARTH,WHOLE POTENCY THEREOF,0.0003575820431395455,[0]
WHOLE EARTH,WHOLE WORLD,0.0003575820431395455,[0]
WHOLE EARTH,WIND BEARS,0.0003575820431395455,[0]
WHOLE LUMP,WHOLE POTENCY THEREOF,0.0003575820431395455,[0]
WHOLE LUMP,WHOLE WORLD,0.0003575820431395455,[0]
WHOLE LUMP,WIND BEARS,0.0003575820431395455,[0]
WHOLE POTENCY THEREOF,WHOLE WORLD,0.0003575820431395455,[0]
WHOLE POTENCY THEREOF,WIND BEARS,0.0003575820431395455,[0]
WHOLE WORLD,WIND BEARS,0.0003575820431395455,[0]
